account_id,account_name,industry,country,signup_date,referral_source,plan_tier,seats,is_trial,churn_flag,latest_churn_date,latest_reason_code,total_refund_usd,preceding_upgrade_flag,preceding_downgrade_flag,n_churn_events,ever_reactivated,is_churned,mrr_amount,arr_amount,billing_frequency,auto_renew_flag,n_subscriptions,first_sub_start,n_upgrades,n_downgrades,n_tickets,avg_csat,avg_resolution_hrs,avg_first_response_min,n_escalations,total_usage,total_duration_secs,total_errors,n_features_used,active_days,beta_usage,signup_month,lifetime_days,lifetime_months
A-2e4581,Company_0,EdTech,US,2024-10-16,partner,Basic,9,False,False,2024-12-05,competitor,0.0,True,False,2.0,False,1,836,10032,monthly,True,10,2024-10-20,1,0,2.0,3.4906382978723407,23.0,91.0,0.0,535,152339,38,27,55,4,2024-10,46.0,1.5111695137976346
A-43a9e3,Company_1,FinTech,IN,2023-08-17,other,Basic,18,False,True,,,0.0,0,0,0.0,0,0,882,10584,monthly,True,8,2023-09-20,3,0,3.0,4.0,38.0,73.33333333333333,0.0,355,101136,14,23,35,2,2023-08,,
A-0a282f,Company_2,DevTools,US,2024-08-27,organic,Basic,1,False,False,2024-12-31,support,62.66,False,True,2.0,False,1,98,1176,annual,True,15,2024-08-31,1,1,3.0,4.666666666666667,43.666666666666664,63.666666666666664,0.0,821,251210,48,34,80,5,2024-08,122.0,4.0078843626806835
A-1f0ac7,Company_3,HealthTech,UK,2023-08-27,other,Basic,24,True,False,2024-11-08,support,0.0,True,False,1.0,False,1,1176,14112,monthly,True,7,2023-12-04,2,0,2.0,3.981276595744681,29.0,174.0,0.0,382,102528,21,26,40,5,2023-08,340.0,11.169513797634691
A-ce550d,Company_4,HealthTech,US,2024-10-27,event,Enterprise,35,False,True,2024-12-28,budget,0.0,True,False,1.0,False,1,21691,260292,monthly,True,9,2024-10-28,2,0,7.0,3.851793313069909,42.285714285714285,107.85714285714286,1.0,579,215779,31,32,56,4,2024-10,61.0,2.0039421813403417
A-1b9609,Company_5,EdTech,IN,2023-10-12,ads,Enterprise,4,False,False,2024-11-16,unknown,0.0,True,False,3.0,False,1,0,0,annual,True,11,2023-12-01,0,0,4.0,3.7359574468085106,43.0,74.75,0.0,457,140541,21,28,44,6,2023-10,351.0,11.530880420499342
A-a0ca4e,Company_6,Cybersecurity,US,2024-03-08,ads,Pro,11,False,False,,,0.0,0,0,0.0,0,0,5174,62088,monthly,True,9,2024-03-16,0,0,6.0,3.8302127659574468,39.166666666666664,89.83333333333333,3.0,373,116964,14,26,39,3,2024-03,,
A-e5d6ab,Company_7,EdTech,US,2023-04-15,partner,Pro,3,False,False,2024-05-11,competitor,0.0,True,False,2.0,False,1,1568,18816,annual,True,10,2023-05-11,0,0,3.0,3.981276595744681,42.666666666666664,57.0,0.0,382,111506,23,29,39,5,2023-04,366.0,12.02365308804205
A-7dacce,Company_8,Cybersecurity,CA,2024-09-10,event,Enterprise,12,False,True,2024-12-27,budget,0.0,True,False,3.0,False,1,0,0,annual,True,10,2024-09-10,1,0,4.0,3.7453191489361704,32.5,75.25,0.0,472,145429,29,27,48,5,2024-09,108.0,3.54796320630749
A-10b8da,Company_9,DevTools,US,2023-05-08,partner,Enterprise,14,False,True,,,0.0,0,0,0.0,0,0,1666,19992,monthly,True,6,2023-05-12,1,0,3.0,3.660425531914894,31.333333333333332,71.33333333333333,0.0,257,73818,14,23,26,2,2023-05,,
A-592832,Company_10,Cybersecurity,US,2024-09-25,organic,Basic,18,False,True,2024-10-04,support,22.66,False,False,1.0,False,1,882,10584,annual,False,19,2024-09-26,1,1,3.0,4.320851063829788,32.666666666666664,80.66666666666667,0.0,1053,326283,55,38,92,13,2024-09,8.0,0.2628120893561104
A-d40bf7,Company_11,FinTech,IN,2024-11-08,organic,Basic,59,False,False,,,0.0,0,0,0.0,0,0,1121,13452,monthly,True,10,2024-11-09,1,0,2.0,5.0,20.5,125.5,0.0,562,150186,22,29,54,5,2024-11,,
A-6c093d,Company_12,DevTools,US,2023-04-14,partner,Basic,7,True,False,,,0.0,0,0,0.0,0,0,0,0,annual,True,12,2023-04-30,2,0,3.0,4.320851063829788,40.333333333333336,68.33333333333333,1.0,670,217275,30,30,63,10,2023-04,,
A-462d45,Company_13,Cybersecurity,US,2024-01-15,partner,Enterprise,11,True,False,2024-05-17,competitor,0.0,False,False,1.0,False,1,1470,17640,annual,True,12,2024-01-16,1,2,4.0,3.9859574468085106,26.75,95.0,0.0,642,159561,26,34,64,8,2024-01,122.0,4.0078843626806835
A-956988,Company_14,EdTech,UK,2024-11-30,ads,Enterprise,1,False,False,2024-12-30,unknown,0.0,True,True,2.0,True,1,6368,76416,annual,True,13,2024-12-01,0,1,2.0,3.4906382978723407,50.5,118.0,0.0,658,173232,49,32,67,8,2024-11,29.0,0.9526938239159001
A-ac14bb,Company_15,FinTech,US,2023-09-08,partner,Enterprise,21,False,False,2024-10-01,competitor,128.79,False,False,2.0,False,1,532,6384,annual,True,8,2023-09-27,2,0,2.0,3.9906382978723407,24.5,30.5,0.0,531,170826,42,31,54,7,2023-09,370.0,12.155059132720105
A-463db0,Company_16,HealthTech,US,2024-12-05,partner,Basic,15,False,False,2024-12-30,features,0.0,False,False,1.0,True,1,735,8820,annual,True,7,2024-12-09,0,0,6.0,4.1604255319148935,50.166666666666664,94.83333333333333,1.0,367,106259,13,25,36,3,2024-12,21.0,0.6898817345597897
A-ce66f8,Company_17,EdTech,CA,2023-08-23,event,Pro,29,False,False,,,0.0,0,0,0.0,0,0,1421,17052,annual,True,6,2023-08-24,0,0,6.0,3.8208510638297875,41.666666666666664,79.16666666666667,0.0,494,133559,19,29,45,6,2023-08,,
A-c4ea60,Company_18,FinTech,DE,2023-03-09,other,Enterprise,18,False,True,,,0.0,0,0,0.0,0,0,3582,42984,monthly,True,9,2023-04-11,0,1,5.0,3.6,36.0,59.0,0.0,427,137244,18,28,41,9,2023-03,,
A-832ec2,Company_19,FinTech,UK,2023-11-19,event,Enterprise,4,True,False,2024-09-15,pricing,0.0,True,False,2.0,False,1,4378,52536,annual,False,8,2024-01-02,3,0,3.0,3.993758865248227,26.0,108.66666666666667,1.0,511,157711,25,31,46,6,2023-11,257.0,8.442838370565045
A-684255,Company_20,FinTech,US,2024-04-14,ads,Enterprise,9,False,False,2024-07-03,unknown,0.0,False,False,2.0,True,1,0,0,annual,True,14,2024-04-14,3,1,4.0,4.49531914893617,14.25,97.75,1.0,653,191849,44,34,65,15,2024-04,80.0,2.628120893561104
A-c42f1f,Company_21,HealthTech,US,2024-07-28,other,Pro,8,False,False,,,0.0,0,0,0.0,0,0,152,1824,monthly,True,8,2024-07-28,1,1,9.0,3.9916784869976363,31.333333333333332,81.88888888888889,1.0,337,98383,20,24,33,5,2024-07,,
A-4e44e8,Company_22,DevTools,US,2024-08-20,ads,Enterprise,3,False,True,2024-10-11,budget,35.48,True,False,2.0,True,1,3383,40596,annual,True,14,2024-08-23,2,0,3.0,3.3333333333333335,31.333333333333332,76.66666666666667,0.0,687,208387,37,32,68,8,2024-08,49.0,1.609724047306176
A-30b4ca,Company_23,EdTech,IN,2024-05-20,organic,Basic,86,False,True,2024-09-01,features,0.0,False,False,1.0,False,1,1634,19608,annual,True,8,2024-05-24,0,0,3.0,3.9875177304964544,57.666666666666664,108.33333333333333,0.0,402,127433,22,28,41,10,2024-05,100.0,3.2851511169513796
A-9f2731,Company_24,FinTech,IN,2024-10-04,event,Enterprise,1,False,False,2024-12-09,unknown,136.94,False,False,2.0,False,1,0,0,annual,True,7,2024-10-12,0,1,0.0,,,,0.0,324,98113,20,23,30,2,2024-10,58.0,1.9053876478318001
A-32fb14,Company_25,DevTools,US,2023-03-07,event,Enterprise,26,False,True,2024-04-28,competitor,0.0,False,False,3.0,False,1,5174,62088,annual,True,9,2023-07-18,2,0,5.0,4.188765957446809,34.0,59.6,0.0,488,150708,19,27,44,2,2023-03,285.0,9.362680683311432
A-00cac8,Company_26,HealthTech,AU,2023-09-15,organic,Enterprise,8,True,False,,,0.0,0,0,0.0,0,0,931,11172,annual,True,9,2023-09-16,0,1,2.0,3.981276595744681,33.0,120.5,0.0,602,171366,31,30,57,7,2023-09,,
A-35083d,Company_27,HealthTech,IN,2023-04-28,partner,Basic,19,False,True,,,0.0,0,0,0.0,0,0,9751,117012,monthly,True,16,2023-06-03,3,0,4.0,4.74531914893617,49.75,119.0,0.0,791,237055,37,29,70,7,2023-04,,
A-eb7fac,Company_28,DevTools,US,2023-10-28,organic,Enterprise,7,False,False,2024-07-22,unknown,0.0,False,False,1.0,False,1,494,5928,monthly,True,10,2023-12-26,0,0,4.0,3.985957446808511,34.0,126.5,0.0,538,185729,44,27,51,6,2023-10,209.0,6.865965834428383
A-b20d99,Company_29,HealthTech,IN,2023-09-27,other,Basic,20,False,False,2024-03-04,features,0.0,False,False,1.0,False,1,3980,47760,monthly,True,7,2024-01-26,1,0,2.0,3.5,61.5,27.0,0.0,329,105214,12,22,32,5,2023-09,38.0,1.2483574244415243
A-396e5f,Company_30,Cybersecurity,CA,2024-10-02,other,Enterprise,2,False,False,2024-11-30,features,0.0,False,False,1.0,False,1,1666,19992,monthly,False,10,2024-10-02,2,1,5.0,3.9850212765957442,24.8,102.8,1.0,540,175427,23,29,54,5,2024-10,59.0,1.938239159001314
A-45ce7a,Company_31,FinTech,US,2023-07-23,ads,Enterprise,16,False,False,,,0.0,0,0,0.0,0,0,3184,38208,monthly,True,7,2023-08-18,2,1,5.0,3.7925106382978724,45.4,91.8,0.0,424,124978,30,21,39,2,2023-07,,
A-08e34e,Company_32,EdTech,US,2024-06-27,event,Basic,14,False,True,2024-09-01,features,228.75,False,False,2.0,False,1,2786,33432,monthly,True,11,2024-07-01,0,0,3.0,3.3270921985815605,43.0,84.0,0.0,651,186929,32,34,61,7,2024-06,62.0,2.0367936925098555
A-8145a0,Company_33,Cybersecurity,AU,2023-04-25,partner,Basic,2,True,False,2023-07-12,features,0.0,False,False,1.0,False,1,285,3420,monthly,True,12,2023-08-07,2,0,6.0,3.9906382978723407,23.666666666666668,90.16666666666667,0.0,693,200177,27,32,60,5,2023-04,-26.0,-0.8541392904073587
A-bad8c1,Company_34,FinTech,AU,2023-03-01,organic,Basic,7,False,False,2023-10-04,unknown,0.0,False,False,1.0,True,1,1813,21756,monthly,True,7,2023-06-12,2,0,1.0,4.0,27.0,49.0,0.0,385,125675,11,29,37,6,2023-03,114.0,3.7450722733245727
A-44dc83,Company_35,EdTech,FR,2024-05-12,other,Basic,5,False,False,2024-11-29,unknown,98.48,False,True,1.0,False,1,0,0,annual,True,4,2024-06-17,0,0,7.0,4.4232218844984805,40.857142857142854,76.14285714285714,0.0,248,81119,13,16,24,3,2024-05,165.0,5.4204993429697765
A-f446b6,Company_36,DevTools,DE,2023-05-12,ads,Pro,5,True,False,,,0.0,0,0,0.0,0,0,95,1140,annual,True,9,2023-05-28,0,0,8.0,4.115638297872341,30.75,82.5,1.0,376,127515,31,27,39,3,2023-05,,
A-a45270,Company_37,HealthTech,US,2024-06-24,ads,Enterprise,3,False,False,2024-11-12,pricing,0.0,False,False,1.0,False,1,0,0,annual,True,12,2024-07-12,2,1,4.0,3.9906382978723407,64.0,110.0,0.0,733,222582,53,35,68,4,2024-06,123.0,4.040735873850197
A-854864,Company_38,FinTech,IN,2024-12-07,event,Enterprise,20,False,False,2024-12-24,support,8.47,True,False,1.0,False,1,980,11760,annual,True,6,2024-12-09,0,0,5.0,4.8,44.2,100.8,0.0,248,73517,10,17,24,4,2024-12,15.0,0.49277266754270693
A-1b7577,Company_39,Cybersecurity,US,2024-10-27,other,Pro,4,False,False,,,0.0,0,0,0.0,0,0,2009,24108,monthly,True,11,2024-10-28,0,1,5.0,3.9962553191489363,27.2,109.4,0.0,647,195598,33,33,58,4,2024-10,,
A-05f0e5,Company_40,FinTech,US,2023-05-04,partner,Basic,32,False,False,2024-11-25,features,72.19,True,False,2.0,False,1,2842,34104,annual,True,12,2023-06-11,2,0,4.0,3.9953191489361704,20.0,108.5,0.0,706,207116,46,32,62,9,2023-05,533.0,17.509855453350852
A-9077b0,Company_41,HealthTech,US,2024-08-25,ads,Basic,2,False,False,,,0.0,0,0,0.0,0,0,0,0,monthly,True,7,2024-08-26,3,0,3.0,4.333333333333333,40.333333333333336,136.33333333333334,0.0,493,146301,31,26,45,5,2024-08,,
A-7f8241,Company_42,EdTech,US,2023-03-14,organic,Pro,34,False,True,,,0.0,0,0,0.0,0,0,6766,81192,monthly,False,15,2023-03-27,2,0,1.0,3.0,36.0,135.0,0.0,734,227186,38,34,74,5,2023-03,,
A-2bc93d,Company_43,HealthTech,US,2023-03-14,event,Basic,14,False,False,2024-08-15,competitor,99.1,False,False,2.0,True,1,1715,20580,monthly,True,13,2023-07-19,4,0,2.0,4.5,12.0,78.0,0.0,666,215735,31,33,62,5,2023-03,393.0,12.910643889618921
A-f3ff05,Company_44,FinTech,IN,2024-07-06,other,Enterprise,2,False,False,2024-10-20,unknown,0.0,False,False,1.0,False,1,570,6840,monthly,True,13,2024-08-01,1,0,3.0,3.660425531914894,42.666666666666664,111.33333333333333,0.0,672,210327,36,28,64,4,2024-07,80.0,2.628120893561104
A-2d4502,Company_45,FinTech,IN,2024-04-29,event,Basic,7,False,False,2024-05-07,pricing,0.0,True,False,1.0,False,1,6766,81192,annual,True,10,2024-04-30,2,0,3.0,4.6604255319148935,26.333333333333332,82.0,0.0,465,127997,19,29,46,7,2024-04,7.0,0.22996057818659657
A-6a4e2d,Company_46,EdTech,UK,2023-04-07,partner,Pro,9,False,False,2024-07-19,budget,0.0,False,False,1.0,False,1,686,8232,annual,True,11,2023-05-29,2,1,2.0,4.5,18.5,141.0,1.0,597,172764,31,27,59,3,2023-04,417.0,13.699080157687254
A-eb7c38,Company_47,DevTools,AU,2024-02-25,organic,Enterprise,5,False,False,2024-03-22,budget,6.26,False,True,1.0,False,1,627,7524,annual,True,15,2024-04-11,3,1,5.0,4.192510638297873,22.4,67.4,0.0,693,203946,27,33,66,6,2024-02,-20.0,-0.657030223390276
A-c37601,Company_48,EdTech,US,2024-10-31,partner,Basic,6,True,False,2024-12-17,support,0.0,False,False,1.0,False,1,10746,128952,monthly,False,12,2024-11-01,0,0,4.0,3.7453191489361704,42.25,83.0,0.0,489,131835,21,28,47,3,2024-10,46.0,1.5111695137976346
A-3b5cd1,Company_49,FinTech,US,2023-09-12,event,Basic,13,True,False,2024-08-30,unknown,113.17,True,False,3.0,False,1,6368,76416,annual,True,13,2023-09-30,2,1,5.0,3.988765957446809,27.4,46.6,0.0,523,177958,24,27,48,5,2023-09,335.0,11.005256241787121
A-b2225d,Company_50,FinTech,US,2024-03-08,ads,Basic,47,False,True,2024-06-27,budget,0.0,True,False,3.0,True,1,893,10716,annual,True,12,2024-04-02,1,1,2.0,3.4906382978723407,42.0,38.0,0.0,696,236693,60,34,72,5,2024-03,86.0,2.8252299605781865
A-94f8c9,Company_51,HealthTech,US,2024-03-29,other,Basic,13,False,False,2024-05-02,budget,0.0,False,False,1.0,False,1,2587,31044,monthly,True,16,2024-04-05,2,1,3.0,4.6604255319148935,47.333333333333336,87.66666666666667,0.0,746,204124,63,33,73,7,2024-03,27.0,0.8869908015768725
A-02fac6,Company_52,FinTech,US,2023-04-06,event,Pro,22,False,False,2024-08-21,support,0.0,False,False,1.0,False,1,1078,12936,monthly,True,11,2023-10-21,1,0,6.0,3.9875177304964544,23.333333333333332,100.5,0.0,514,169854,34,32,51,5,2023-04,305.0,10.019710906701707
A-c1dfe1,Company_53,DevTools,DE,2023-08-07,ads,Pro,26,False,False,2024-06-06,features,0.0,True,False,2.0,False,1,494,5928,monthly,False,8,2023-10-26,1,2,3.0,3.9875177304964544,50.333333333333336,93.66666666666667,0.0,375,127687,30,24,39,4,2023-08,224.0,7.35873850197109
A-32728c,Company_54,DevTools,US,2023-01-03,event,Pro,20,False,True,2024-07-19,budget,7.58,True,False,3.0,True,1,798,9576,annual,True,8,2023-04-04,1,0,2.0,3.5,34.5,61.5,0.0,418,115325,22,26,38,6,2023-01,472.0,15.505913272010512
A-4c38bc,Company_55,HealthTech,UK,2024-03-09,event,Basic,36,False,True,,,0.0,0,0,0.0,0,0,1764,21168,annual,True,16,2024-03-17,2,0,3.0,3.660425531914894,48.333333333333336,43.0,0.0,818,271358,27,37,76,10,2024-03,,
A-1b707d,Company_56,Cybersecurity,US,2023-07-14,organic,Enterprise,1,False,False,2023-07-21,competitor,0.0,False,False,1.0,True,1,0,0,annual,False,8,2023-11-14,1,0,3.0,3.981276595744681,42.666666666666664,75.33333333333333,0.0,399,110456,12,27,35,3,2023-07,-116.0,-3.8107752956636003
A-6f8ad2,Company_57,EdTech,IN,2024-07-09,organic,Basic,1,False,False,,,0.0,0,0,0.0,0,0,779,9348,annual,False,17,2024-07-22,2,1,4.0,4.24531914893617,35.25,37.25,0.0,924,261489,59,38,87,13,2024-07,,
A-4d1e75,Company_58,DevTools,US,2024-08-21,other,Basic,20,False,False,2024-09-05,budget,0.0,False,False,1.0,False,1,0,0,monthly,False,13,2024-09-07,3,1,2.0,4.0,15.0,98.5,0.0,477,148106,25,28,48,5,2024-08,-2.0,-0.0657030223390276
A-9ee962,Company_59,HealthTech,US,2023-02-28,ads,Basic,9,False,True,2024-10-03,support,0.0,False,True,1.0,False,1,171,2052,annual,True,9,2023-06-23,3,1,3.0,3.9875177304964544,37.0,69.66666666666667,0.0,439,120226,17,25,38,3,2023-02,468.0,15.374507227332456
A-378b99,Company_60,EdTech,UK,2024-09-01,ads,Pro,8,True,False,2024-10-12,pricing,0.0,False,False,1.0,False,1,784,9408,annual,True,12,2024-09-10,1,1,6.0,4.3270921985815605,28.5,78.83333333333333,0.0,565,187525,38,33,55,5,2024-09,32.0,1.0512483574244416
A-94d3da,Company_61,HealthTech,US,2023-05-03,other,Basic,41,False,False,2024-04-12,competitor,0.0,False,False,1.0,False,1,779,9348,monthly,True,12,2023-06-03,1,0,6.0,3.660425531914894,26.833333333333332,80.5,0.0,464,150051,25,29,46,5,2023-05,314.0,10.315374507227332
A-e351e1,Company_62,EdTech,US,2024-09-26,other,Enterprise,33,False,False,2024-12-04,support,113.84,True,True,3.0,True,1,627,7524,annual,True,5,2024-09-27,0,0,4.0,3.75,17.0,65.25,0.0,295,102452,22,18,27,3,2024-09,68.0,2.2339027595269383
A-9badbd,Company_63,Cybersecurity,DE,2024-06-19,ads,Enterprise,5,True,False,,,0.0,0,0,0.0,0,0,11741,140892,monthly,True,13,2024-06-29,0,0,5.0,4.388765957446809,30.2,102.6,0.0,729,220382,45,33,69,8,2024-06,,
A-7e0a10,Company_64,FinTech,US,2023-11-18,ads,Enterprise,46,False,False,2024-09-26,budget,0.0,False,False,1.0,False,1,13930,167160,annual,True,10,2023-11-29,1,0,5.0,3.988765957446809,39.4,62.6,0.0,511,173162,35,34,49,5,2023-11,302.0,9.921156373193167
A-118d55,Company_65,Cybersecurity,US,2024-10-22,organic,Basic,8,False,False,2024-12-27,pricing,0.0,True,True,2.0,False,1,5771,69252,monthly,True,12,2024-10-26,3,4,5.0,4.192510638297873,24.2,56.8,0.0,599,168143,33,29,55,5,2024-10,62.0,2.0367936925098555
A-526d93,Company_66,HealthTech,FR,2024-04-14,organic,Basic,43,False,False,2024-09-25,support,41.17,True,False,3.0,False,1,8557,102684,annual,False,9,2024-04-19,2,0,5.0,3.7887659574468087,51.4,134.6,1.0,565,159213,45,28,55,5,2024-04,159.0,5.223390275952694
A-f92792,Company_67,FinTech,US,2024-07-04,ads,Pro,1,False,False,2024-11-03,features,0.0,False,False,1.0,True,1,361,4332,annual,False,14,2024-07-07,1,1,2.0,3.9906382978723407,45.0,82.0,0.0,528,149124,31,32,50,6,2024-07,119.0,3.9093298291721417
A-84ebe4,Company_68,FinTech,US,2023-03-12,ads,Pro,18,True,True,2024-01-20,support,0.0,False,False,2.0,False,1,7164,85968,monthly,True,11,2023-05-10,0,0,4.0,3.9906382978723407,29.5,135.5,0.0,396,123655,26,27,40,7,2023-03,255.0,8.377135348226018
A-5b4ebb,Company_69,Cybersecurity,UK,2024-07-10,other,Basic,21,True,True,,,0.0,0,0,0.0,0,0,1470,17640,annual,True,13,2024-07-11,1,0,5.0,4.596255319148936,35.4,63.0,0.0,692,196300,25,34,67,6,2024-07,,
A-2922b6,Company_70,HealthTech,US,2024-11-14,organic,Basic,15,False,False,2024-12-25,competitor,0.0,False,False,1.0,False,1,980,11760,annual,False,6,2024-12-05,1,0,2.0,3.9906382978723407,15.5,103.0,0.0,393,117237,13,27,36,2,2024-11,20.0,0.657030223390276
A-9b9fe9,Company_71,EdTech,AU,2023-09-28,other,Basic,5,False,False,2024-09-04,features,27.92,False,False,2.0,False,1,9950,119400,monthly,True,12,2023-10-16,0,1,4.0,3.9953191489361704,33.5,156.5,0.0,597,196701,22,30,56,3,2023-09,324.0,10.64388961892247
A-a8b49c,Company_72,Cybersecurity,UK,2023-10-06,partner,Basic,7,False,False,2024-06-17,features,0.0,False,False,1.0,False,1,343,4116,annual,True,12,2023-10-14,1,0,1.0,4.0,72.0,105.0,0.0,545,183399,43,27,54,1,2023-10,247.0,8.114323258869907
A-9174e0,Company_73,Cybersecurity,US,2024-12-04,partner,Basic,37,False,False,,,0.0,0,0,0.0,0,0,7363,88356,annual,True,15,2024-12-06,2,0,2.0,4.490638297872341,39.0,167.0,0.0,689,206138,61,34,66,6,2024-12,,
A-a1bbb6,Company_74,DevTools,CA,2023-04-05,organic,Basic,1,False,False,,,0.0,0,0,0.0,0,0,0,0,annual,True,8,2023-04-17,0,0,3.0,3.9875177304964544,17.666666666666668,120.66666666666667,0.0,366,118465,20,23,36,7,2023-04,,
A-c45b23,Company_75,FinTech,UK,2023-12-08,partner,Basic,5,False,False,2024-03-24,support,0.0,False,False,1.0,True,1,5174,62088,annual,True,12,2023-12-29,0,0,3.0,3.654184397163121,36.666666666666664,51.666666666666664,0.0,581,181056,30,32,57,10,2023-12,86.0,2.8252299605781865
A-02cd81,Company_76,HealthTech,IN,2024-03-28,other,Basic,44,False,False,2024-04-30,pricing,0.0,False,False,1.0,False,1,2156,25872,annual,True,14,2024-03-28,0,0,3.0,4.3270921985815605,17.333333333333332,84.66666666666667,1.0,684,219304,28,31,68,5,2024-03,33.0,1.0840998685939554
A-ee42db,Company_77,EdTech,DE,2023-04-25,ads,Enterprise,13,False,False,2024-11-12,unknown,23.52,True,True,4.0,False,1,570,6840,monthly,True,12,2023-05-01,1,1,4.0,3.7359574468085106,33.75,98.25,0.0,511,150876,33,31,50,6,2023-04,561.0,18.429697766097238
A-432483,Company_78,Cybersecurity,US,2023-02-06,ads,Pro,4,False,False,,,0.0,0,0,0.0,0,0,1519,18228,annual,True,9,2023-04-02,1,0,1.0,3.981276595744681,51.0,128.0,0.0,451,151460,28,25,43,4,2023-02,,
A-9208f0,Company_79,EdTech,US,2023-05-11,organic,Pro,1,False,True,2024-11-09,features,66.37,True,False,4.0,True,1,0,0,annual,True,8,2023-05-15,1,0,8.0,3.7382978723404254,41.25,59.75,1.0,538,158701,31,29,50,6,2023-05,544.0,17.871222076215506
A-98a59a,Company_80,FinTech,UK,2023-08-04,partner,Enterprise,56,False,False,2024-09-11,support,0.0,True,False,1.0,False,1,2744,32928,annual,True,10,2023-09-02,2,1,3.0,4.3270921985815605,37.333333333333336,74.0,0.0,455,124429,21,27,43,8,2023-08,375.0,12.319316688567673
A-fe79a5,Company_81,HealthTech,IN,2024-02-21,ads,Basic,9,True,False,,,0.0,0,0,0.0,0,0,1791,21492,annual,True,10,2024-03-02,2,0,4.0,4.490638297872341,28.5,61.0,0.0,335,96672,17,22,33,2,2024-02,,
A-726cfa,Company_82,DevTools,US,2023-07-01,partner,Pro,11,False,False,2024-08-08,support,122.11,False,False,1.0,False,1,7562,90744,monthly,False,19,2023-07-15,2,0,3.0,3.993758865248227,35.666666666666664,128.33333333333334,0.0,993,281986,45,40,88,15,2023-07,390.0,12.81208935611038
A-c43359,Company_83,FinTech,US,2024-11-16,organic,Pro,38,False,False,2024-12-19,support,8.92,True,False,2.0,False,1,722,8664,monthly,True,8,2024-11-18,2,1,3.0,3.9875177304964544,26.666666666666668,107.33333333333333,0.0,461,147051,32,28,47,5,2024-11,31.0,1.0183968462549278
A-271f46,Company_84,DevTools,US,2023-02-09,event,Pro,38,False,True,2024-08-09,features,0.0,False,False,2.0,True,1,9154,109848,monthly,True,8,2023-03-29,0,0,1.0,3.981276595744681,36.0,79.0,0.0,373,114563,16,25,37,1,2023-02,499.0,16.392904073587385
A-157070,Company_85,FinTech,US,2023-11-09,ads,Pro,16,False,False,2024-12-27,features,0.0,False,False,2.0,False,1,722,8664,annual,True,16,2023-12-12,2,1,3.0,3.654184397163121,42.333333333333336,118.0,1.0,696,186928,26,37,70,7,2023-11,381.0,12.516425755584756
A-40a557,Company_86,Cybersecurity,AU,2023-12-03,partner,Pro,16,True,False,2023-12-08,budget,0.0,False,False,1.0,False,1,3184,38208,monthly,True,9,2024-01-11,1,0,7.0,3.8464437689969606,30.571428571428573,94.71428571428571,0.0,402,114217,17,25,39,3,2023-12,-34.0,-1.1169513797634691
A-66224b,Company_87,HealthTech,US,2024-10-18,other,Pro,92,True,False,,,0.0,0,0,0.0,0,0,0,0,annual,True,12,2024-10-20,0,0,6.0,3.5,39.833333333333336,82.5,0.0,626,185229,29,34,59,10,2024-10,,
A-91e948,Company_88,EdTech,AU,2023-01-29,partner,Basic,41,False,False,,,0.0,0,0,0.0,0,0,8159,97908,monthly,True,7,2023-08-14,2,0,0.0,,,,0.0,404,115260,16,23,40,0,2023-01,,
A-104f1a,Company_89,Cybersecurity,US,2024-08-17,other,Pro,24,False,False,2024-12-11,unknown,0.0,False,False,3.0,False,1,646,7752,monthly,True,8,2024-09-02,0,0,5.0,3.796255319148936,33.2,50.4,1.0,438,156949,22,28,43,2,2024-08,100.0,3.2851511169513796
A-7988d1,Company_90,Cybersecurity,US,2023-12-20,other,Basic,33,False,False,2024-12-24,unknown,16.89,False,False,3.0,False,1,0,0,monthly,True,9,2024-03-12,0,0,3.0,4.333333333333333,35.333333333333336,65.33333333333333,0.0,449,138265,28,31,45,7,2023-12,287.0,9.42838370565046
A-faa28c,Company_91,HealthTech,US,2024-01-30,organic,Enterprise,48,False,False,2024-08-20,features,0.0,False,False,2.0,False,1,2352,28224,monthly,True,14,2024-02-05,3,0,4.0,4.49531914893617,52.25,115.5,1.0,585,162007,24,25,57,5,2024-01,197.0,6.471747700394218
A-f25509,Company_92,EdTech,US,2024-03-22,other,Enterprise,32,False,False,2024-11-10,features,0.0,False,False,3.0,True,1,1083,12996,annual,True,5,2024-05-28,0,1,6.0,4.323971631205674,42.666666666666664,116.0,0.0,229,73603,15,17,21,3,2024-03,166.0,5.45335085413929
A-3a7284,Company_93,FinTech,US,2024-11-17,organic,Enterprise,31,False,False,2024-12-26,unknown,0.0,False,False,1.0,False,1,1519,18228,annual,True,12,2024-11-28,1,2,3.0,3.660425531914894,56.333333333333336,104.33333333333333,0.0,609,191562,30,33,59,9,2024-11,28.0,0.9198423127463863
A-3a5ad8,Company_94,HealthTech,US,2023-12-05,organic,Enterprise,9,True,False,,,0.0,0,0,0.0,0,0,0,0,annual,True,13,2023-12-18,1,1,4.0,4.240638297872341,44.75,53.5,0.0,506,127878,23,27,51,7,2023-12,,
A-65a46c,Company_95,HealthTech,US,2023-11-04,event,Pro,1,False,False,,,0.0,0,0,0.0,0,0,1715,20580,annual,True,8,2024-03-05,2,0,8.0,3.9929787234042555,45.125,91.125,0.0,370,115219,21,24,36,7,2023-11,,
A-8b25f2,Company_96,Cybersecurity,US,2024-02-17,ads,Pro,6,False,True,,,0.0,0,0,0.0,0,0,2587,31044,monthly,True,13,2024-02-19,1,2,2.0,4.0,35.5,50.5,0.0,565,159394,20,29,52,6,2024-02,,
A-fabe19,Company_97,DevTools,UK,2024-11-11,ads,Enterprise,1,False,False,,,0.0,0,0,0.0,0,0,0,0,monthly,False,7,2024-11-23,2,0,3.0,3.9875177304964544,40.666666666666664,38.333333333333336,0.0,337,112966,16,20,32,1,2024-11,,
A-adc1f3,Company_98,Cybersecurity,US,2024-08-05,organic,Pro,2,False,False,,,0.0,0,0,0.0,0,0,995,11940,monthly,True,9,2024-08-10,0,0,3.0,3.660425531914894,47.333333333333336,65.0,0.0,334,120133,26,24,36,5,2024-08,,
A-503d5a,Company_99,FinTech,US,2023-10-21,other,Enterprise,4,False,True,,,0.0,0,0,0.0,0,0,11144,133728,annual,False,12,2023-10-21,0,1,9.0,3.9875177304964544,36.55555555555556,81.77777777777777,0.0,605,211565,32,34,57,6,2023-10,,
A-fd7ad3,Company_100,Cybersecurity,US,2024-11-01,event,Enterprise,1,False,False,2024-12-31,unknown,70.03,True,False,4.0,True,1,551,6612,monthly,True,10,2024-11-02,2,0,8.0,4.12031914893617,48.75,98.125,1.0,567,171957,42,31,52,9,2024-11,59.0,1.938239159001314
A-186a44,Company_101,HealthTech,US,2023-08-07,ads,Enterprise,20,False,False,,,0.0,0,0,0.0,0,0,0,0,annual,True,14,2023-08-23,1,1,7.0,3.706261398176292,38.285714285714285,110.42857142857143,0.0,614,205539,25,30,57,7,2023-08,,
A-e888d1,Company_102,Cybersecurity,US,2023-03-28,other,Pro,14,False,False,2024-11-29,features,6.38,False,False,3.0,False,1,833,9996,monthly,True,11,2023-05-11,1,0,5.0,3.9925106382978726,43.0,104.0,1.0,552,158087,36,31,52,5,2023-03,568.0,18.659658344283837
A-69fad4,Company_103,FinTech,UK,2023-04-06,ads,Basic,6,False,True,2024-06-17,support,0.0,False,False,1.0,False,1,0,0,monthly,True,7,2023-07-24,0,0,4.0,3.7453191489361704,43.0,116.75,0.0,412,124646,24,24,37,4,2023-04,329.0,10.808147174770038
A-9289f6,Company_104,EdTech,US,2023-05-31,event,Enterprise,1,False,False,2023-08-24,support,17.93,False,False,1.0,False,1,1225,14700,annual,False,12,2023-07-04,2,0,6.0,4.157304964539008,37.5,70.0,0.0,642,200375,38,33,63,7,2023-05,51.0,1.6754270696452036
A-f19409,Company_105,DevTools,US,2023-03-16,other,Basic,23,False,True,2023-05-25,features,0.0,False,True,2.0,False,1,665,7980,annual,False,12,2023-04-22,2,0,3.0,3.9875177304964544,6.333333333333333,103.33333333333333,0.0,659,209812,31,33,59,12,2023-03,33.0,1.0840998685939554
A-22f2df,Company_106,DevTools,US,2024-12-14,ads,Basic,3,False,False,,,0.0,0,0,0.0,0,0,209,2508,annual,True,9,2024-12-16,1,1,5.0,4.185021276595744,44.8,71.6,0.0,429,119127,17,25,40,5,2024-12,,
A-039727,Company_107,EdTech,AU,2024-11-02,organic,Pro,25,False,False,2024-12-22,pricing,46.49,False,False,1.0,False,1,4975,59700,annual,True,15,2024-11-07,3,2,0.0,,,,0.0,768,249545,32,33,69,3,2024-11,45.0,1.4783180026281209
A-2e3bad,Company_108,FinTech,CA,2023-08-13,other,Pro,61,False,False,2024-03-30,features,0.0,False,False,1.0,False,1,1159,13908,monthly,True,10,2023-08-19,0,0,5.0,3.7887659574468087,31.4,107.0,0.0,435,123738,26,25,43,6,2023-08,224.0,7.35873850197109
A-484819,Company_109,HealthTech,US,2023-02-21,organic,Pro,18,False,False,2023-12-29,support,0.0,True,False,2.0,False,1,3582,42984,monthly,True,8,2023-02-23,3,0,5.0,4.188765957446809,33.2,139.6,0.0,336,116076,20,22,33,3,2023-02,309.0,10.151116951379763
A-425e76,Company_110,DevTools,UK,2023-05-17,other,Enterprise,8,False,True,2024-10-22,competitor,0.0,False,False,4.0,True,1,1791,21492,annual,True,11,2023-06-21,1,0,5.0,3.5925106382978726,48.2,119.2,1.0,438,136419,24,29,47,5,2023-05,489.0,16.064388961892245
A-e83938,Company_111,DevTools,UK,2023-11-21,other,Pro,2,True,True,2024-12-29,budget,13.5,False,False,3.0,False,1,1026,12312,annual,False,8,2024-02-08,2,0,4.0,3.7359574468085106,31.0,72.5,0.0,266,87249,18,22,31,2,2023-11,325.0,10.676741130091983
A-ad296b,Company_112,DevTools,AU,2024-07-15,event,Pro,38,False,False,,,0.0,0,0,0.0,0,0,1862,22344,annual,True,6,2024-07-23,0,0,3.0,3.6666666666666665,28.333333333333332,83.33333333333333,1.0,294,103805,12,24,30,2,2024-07,,
A-e51ec7,Company_113,FinTech,CA,2023-09-23,partner,Enterprise,2,False,False,2024-04-07,budget,0.0,False,False,3.0,False,1,1990,23880,monthly,True,8,2023-11-27,2,1,3.0,4.320851063829788,37.0,93.33333333333333,0.0,417,126745,18,26,39,4,2023-09,132.0,4.336399474375821
A-0aaf6e,Company_114,FinTech,US,2024-05-11,organic,Enterprise,3,False,False,,,0.0,0,0,0.0,0,0,3582,42984,monthly,True,9,2024-06-16,0,0,5.0,3.988765957446809,45.0,75.4,0.0,599,172442,39,25,55,6,2024-05,,
A-e61e98,Company_115,FinTech,US,2023-10-20,partner,Enterprise,19,False,True,2024-10-19,features,0.0,False,True,1.0,False,1,6766,81192,annual,True,9,2023-11-05,2,0,6.0,4.496879432624113,30.333333333333332,88.5,1.0,527,131994,25,32,53,7,2023-10,349.0,11.465177398160314
A-92a333,Company_116,FinTech,US,2023-03-24,event,Enterprise,9,False,False,,,0.0,0,0,0.0,0,0,171,2052,monthly,True,6,2023-08-04,0,1,4.0,3.981276595744681,23.25,58.25,1.0,364,103645,30,22,36,2,2023-03,,
A-95b24a,Company_117,FinTech,US,2023-06-06,event,Pro,38,False,True,,,0.0,0,0,0.0,0,0,0,0,annual,True,11,2023-07-14,4,1,5.0,4.1962553191489365,21.2,90.4,0.0,611,188856,34,32,59,8,2023-06,,
A-42e5e1,Company_118,DevTools,US,2024-07-09,ads,Pro,1,False,True,2024-10-04,pricing,0.0,False,False,1.0,True,1,490,5880,annual,False,7,2024-07-21,1,1,3.0,4.0,29.0,81.33333333333333,0.0,411,116704,41,24,39,2,2024-07,75.0,2.463863337713535
A-7d514c,Company_119,HealthTech,DE,2024-02-03,organic,Enterprise,17,False,False,,,0.0,0,0,0.0,0,0,3383,40596,monthly,True,9,2024-02-13,2,0,3.0,4.320851063829788,33.333333333333336,49.666666666666664,0.0,502,146707,30,30,47,7,2024-02,,
A-65aeb5,Company_120,DevTools,US,2024-01-25,partner,Pro,9,False,False,2024-12-02,budget,0.0,True,False,2.0,True,1,171,2052,annual,True,12,2024-02-02,0,1,2.0,4.490638297872341,42.5,159.5,0.0,533,148034,40,30,53,3,2024-01,304.0,9.986859395532194
A-e2cd1b,Company_121,DevTools,US,2024-02-04,other,Enterprise,15,False,False,,,0.0,0,0,0.0,0,0,3184,38208,annual,True,9,2024-02-22,1,0,5.0,3.9962553191489363,37.8,76.0,0.0,465,138043,18,29,48,7,2024-02,,
A-180abf,Company_122,DevTools,US,2023-08-14,event,Pro,64,False,True,2024-09-12,support,0.0,False,True,5.0,False,1,3136,37632,monthly,True,9,2023-09-16,2,0,3.0,3.654184397163121,36.333333333333336,62.333333333333336,0.0,499,136250,28,29,47,5,2023-08,362.0,11.892247043363994
A-f17767,Company_123,DevTools,US,2023-01-30,event,Enterprise,1,True,True,2023-05-03,pricing,0.0,True,False,1.0,False,1,735,8820,annual,True,14,2023-02-15,3,1,3.0,3.993758865248227,36.333333333333336,115.0,1.0,713,208977,38,35,67,4,2023-01,77.0,2.5295663600525624
A-5a184f,Company_124,DevTools,DE,2023-06-19,other,Enterprise,1,False,True,2024-09-11,support,0.0,False,True,3.0,False,1,684,8208,annual,True,10,2023-08-31,0,1,3.0,4.333333333333333,15.333333333333334,42.333333333333336,0.0,587,175629,29,30,55,2,2023-06,377.0,12.3850197109067
A-7df7a7,Company_125,DevTools,US,2023-01-28,organic,Basic,7,False,True,2024-07-10,budget,0.0,False,False,1.0,False,1,5970,71640,annual,True,15,2023-02-05,0,2,3.0,4.0,28.0,93.0,1.0,922,256811,47,36,86,10,2023-01,521.0,17.115637319316686
A-1ac5e0,Company_126,DevTools,US,2024-10-20,event,Basic,33,False,True,,,0.0,0,0,0.0,0,0,0,0,monthly,False,10,2024-10-24,0,0,7.0,3.851793313069909,40.42857142857143,76.0,0.0,558,167904,31,31,52,7,2024-10,,
A-52dd88,Company_127,Cybersecurity,US,2023-02-21,ads,Pro,23,False,False,,,0.0,0,0,0.0,0,0,1470,17640,annual,True,11,2023-03-26,1,0,1.0,3.981276595744681,72.0,111.0,0.0,516,180823,33,28,49,4,2023-02,,
A-bece89,Company_128,Cybersecurity,IN,2023-12-01,event,Pro,26,False,False,2024-07-27,unknown,109.75999999999999,False,False,2.0,False,1,1862,22344,annual,True,6,2024-01-18,1,0,4.0,3.9953191489361704,32.5,103.75,1.0,176,48112,13,16,18,2,2023-12,191.0,6.274638633377135
A-029f69,Company_129,Cybersecurity,CA,2024-03-07,event,Basic,3,False,False,2024-12-14,competitor,32.73,False,False,3.0,False,1,646,7752,annual,True,16,2024-05-09,2,0,2.0,3.4906382978723407,42.0,108.0,0.0,789,241275,42,37,80,9,2024-03,219.0,7.194480946123521
A-5c046d,Company_130,EdTech,FR,2024-07-06,partner,Basic,93,False,False,,,0.0,0,0,0.0,0,0,18507,222084,annual,True,8,2024-07-23,0,0,1.0,3.0,13.0,128.0,0.0,475,127926,23,27,44,5,2024-07,,
A-fb186e,Company_131,EdTech,IN,2024-10-27,organic,Basic,29,False,False,,,0.0,0,0,0.0,0,0,0,0,annual,True,3,2024-11-16,0,0,6.0,3.823971631205674,26.166666666666668,81.0,0.0,207,72170,7,15,19,3,2024-10,,
A-ae052e,Company_132,FinTech,CA,2023-09-11,other,Basic,39,False,False,2024-12-14,competitor,0.0,False,False,4.0,False,1,0,0,annual,True,6,2024-01-22,1,1,4.0,3.9906382978723407,31.25,60.5,0.0,300,88383,12,24,28,6,2023-09,327.0,10.74244415243101
A-9f9299,Company_133,FinTech,US,2023-09-02,organic,Enterprise,28,True,False,2024-10-08,competitor,0.0,False,False,2.0,False,1,1372,16464,annual,True,15,2023-11-24,0,0,5.0,4.185021276595745,36.2,116.2,0.0,830,258465,54,37,81,10,2023-09,319.0,10.4796320630749
A-96e141,Company_134,DevTools,UK,2023-08-12,partner,Basic,14,False,False,2024-09-22,budget,43.53,False,False,2.0,False,1,4975,59700,monthly,True,7,2023-10-14,0,0,5.0,4.192510638297873,32.8,68.4,0.0,346,81587,19,26,36,2,2023-08,344.0,11.300919842312746
A-117171,Company_135,HealthTech,FR,2024-09-12,organic,Basic,45,False,True,2024-11-14,pricing,102.86,False,False,3.0,False,1,2205,26460,annual,True,5,2024-10-02,0,1,6.0,3.823971631205674,32.5,68.33333333333333,1.0,208,59864,11,15,21,1,2024-09,43.0,1.4126149802890933
A-313be3,Company_136,EdTech,US,2023-11-15,partner,Enterprise,47,True,False,2024-03-23,features,43.03,True,False,2.0,False,1,2303,27636,monthly,True,11,2023-11-25,1,0,4.0,4.235957446808511,22.5,80.25,1.0,560,164545,40,33,56,3,2023-11,119.0,3.9093298291721417
A-671f31,Company_137,DevTools,US,2024-11-24,ads,Basic,59,False,False,,,0.0,0,0,0.0,0,0,0,0,annual,True,6,2024-11-27,0,1,7.0,4.137507598784195,33.0,78.0,0.0,167,43449,16,13,17,0,2024-11,,
A-bbc346,Company_138,FinTech,US,2024-08-29,partner,Enterprise,19,False,False,2024-11-03,competitor,15.46,True,False,2.0,False,1,0,0,annual,True,13,2024-08-31,3,2,3.0,4.3270921985815605,45.333333333333336,102.66666666666667,0.0,650,179376,37,34,60,6,2024-08,64.0,2.102496714848883
A-c16101,Company_139,EdTech,IN,2024-09-06,other,Basic,7,False,False,2024-12-19,features,0.0,False,True,2.0,True,1,343,4116,monthly,True,10,2024-09-06,1,1,4.0,4.235957446808511,28.0,82.0,1.0,561,185984,29,31,53,9,2024-09,104.0,3.416557161629435
A-50f3f7,Company_140,HealthTech,US,2023-12-22,partner,Basic,31,False,True,,,0.0,0,0,0.0,0,0,6169,74028,annual,True,15,2024-01-05,0,2,6.0,4.490638297872341,37.833333333333336,67.83333333333333,1.0,685,206893,45,30,69,7,2023-12,,
A-7da956,Company_141,Cybersecurity,US,2024-06-02,event,Pro,13,True,False,,,0.0,0,0,0.0,0,0,2985,35820,monthly,True,12,2024-06-15,1,2,3.0,4.320851063829788,32.666666666666664,88.0,0.0,543,150431,35,28,51,4,2024-06,,
A-019782,Company_142,DevTools,FR,2023-04-19,event,Enterprise,11,False,False,,,0.0,0,0,0.0,0,0,0,0,annual,False,9,2023-06-08,1,0,2.0,3.4906382978723407,10.0,107.0,0.0,562,160848,30,28,55,3,2023-04,,
A-df10db,Company_143,DevTools,US,2023-06-06,other,Enterprise,2,True,False,2024-07-12,competitor,0.0,False,False,2.0,False,1,2388,28656,monthly,True,11,2023-08-25,2,0,2.0,3.0,68.5,86.5,1.0,697,214976,40,31,62,2,2023-06,322.0,10.578186596583443
A-3932db,Company_144,HealthTech,CA,2023-10-04,other,Pro,19,True,True,,,0.0,0,0,0.0,0,0,0,0,monthly,True,9,2023-12-10,2,1,6.0,4.157304964539008,41.0,86.5,0.0,434,134963,28,28,45,4,2023-10,,
A-4f18f0,Company_145,DevTools,CA,2024-04-21,other,Pro,24,True,False,2024-12-01,features,0.0,True,False,2.0,False,1,456,5472,monthly,True,12,2024-04-25,0,1,5.0,3.9962553191489363,39.2,61.4,0.0,544,168051,25,33,57,6,2024-04,220.0,7.227332457293035
A-4c6f11,Company_146,FinTech,CA,2023-11-27,organic,Pro,24,True,True,2024-10-18,competitor,0.0,False,False,2.0,False,1,456,5472,monthly,True,5,2024-03-30,0,1,3.0,4.333333333333333,44.666666666666664,63.0,0.0,268,84855,4,20,24,1,2023-11,202.0,6.636005256241787
A-8ae05d,Company_147,FinTech,IN,2024-04-06,other,Enterprise,86,False,False,2024-08-30,unknown,0.0,False,False,1.0,False,1,0,0,monthly,True,7,2024-06-01,0,0,1.0,4.0,47.0,48.0,0.0,203,77446,10,16,20,1,2024-04,90.0,2.9566360052562417
A-b78bf8,Company_148,DevTools,US,2024-11-15,event,Pro,33,False,False,2024-12-06,unknown,0.0,False,False,1.0,False,1,1617,19404,monthly,True,8,2024-11-17,1,1,5.0,4.2,24.2,88.8,0.0,421,123802,11,24,38,7,2024-11,19.0,0.6241787122207622
A-eafc6e,Company_149,DevTools,US,2023-07-06,partner,Pro,27,False,True,2024-12-12,unknown,0.0,False,False,2.0,False,1,0,0,monthly,True,7,2023-08-08,0,0,1.0,3.981276595744681,64.0,136.0,0.0,300,90218,15,23,31,3,2023-07,492.0,16.16294349540079
A-37f969,Company_150,HealthTech,IN,2023-10-14,partner,Enterprise,30,False,False,2024-12-12,competitor,146.86,True,False,4.0,False,1,5970,71640,annual,True,8,2023-10-24,2,0,5.0,3.7925106382978724,22.2,94.0,1.0,312,107852,14,25,31,5,2023-10,415.0,13.633377135348226
A-10b8f2,Company_151,HealthTech,DE,2023-01-11,organic,Basic,47,True,False,2024-06-04,support,0.0,True,False,1.0,False,1,2352,28224,annual,True,12,2023-02-05,1,0,3.0,4.333333333333333,46.333333333333336,67.0,0.0,560,173183,23,29,54,10,2023-01,485.0,15.932982917214192
A-439b2f,Company_152,DevTools,US,2024-02-21,ads,Enterprise,1,False,True,2024-11-18,features,17.06,False,False,2.0,True,1,1274,15288,monthly,True,6,2024-03-09,1,0,3.0,3.981276595744681,18.333333333333332,85.33333333333333,0.0,171,54271,5,14,19,2,2024-02,254.0,8.344283837056505
A-544d0a,Company_153,DevTools,US,2024-05-02,organic,Basic,2,True,False,,,0.0,0,0,0.0,0,0,398,4776,annual,False,10,2024-05-24,1,2,2.0,4.0,38.5,98.0,1.0,510,152826,22,27,45,7,2024-05,,
A-ba6516,Company_154,FinTech,US,2023-10-29,ads,Pro,27,False,False,2024-03-17,budget,0.0,False,False,1.0,False,1,5373,64476,annual,True,13,2024-01-10,1,3,6.0,3.993758865248227,31.5,71.0,0.0,642,213554,32,31,56,8,2023-10,67.0,2.2010512483574245
A-712426,Company_155,HealthTech,US,2024-11-10,other,Enterprise,9,False,False,2024-12-23,features,0.0,True,False,3.0,True,1,0,0,annual,True,15,2024-11-10,2,0,6.0,4.330212765957447,37.333333333333336,79.16666666666667,0.0,696,214681,31,32,68,6,2024-11,43.0,1.4126149802890933
A-038089,Company_156,DevTools,FR,2023-12-19,other,Pro,5,False,True,2024-12-25,features,19.34,False,False,2.0,False,1,95,1140,annual,True,3,2024-06-27,0,0,6.0,3.823971631205674,30.166666666666668,86.16666666666667,0.0,210,63673,15,15,19,1,2023-12,181.0,5.946123521681997
A-afa505,Company_157,DevTools,US,2023-12-27,partner,Basic,70,True,False,2024-03-02,support,0.0,True,False,1.0,False,1,13930,167160,monthly,False,9,2024-01-08,2,1,4.0,3.4906382978723407,37.25,88.25,1.0,507,162673,28,33,48,8,2023-12,54.0,1.773981603153745
A-d5a319,Company_158,FinTech,US,2023-05-04,other,Enterprise,15,False,True,,,0.0,0,0,0.0,0,0,2985,35820,annual,True,12,2023-06-27,3,2,1.0,4.0,17.0,132.0,1.0,604,212655,43,32,57,5,2023-05,,
A-f97b9a,Company_159,FinTech,US,2023-07-09,event,Pro,16,False,False,,,0.0,0,0,0.0,0,0,784,9408,annual,True,11,2023-09-10,1,0,7.0,3.8464437689969606,31.714285714285715,69.85714285714286,0.0,561,173241,33,29,52,6,2023-07,,
A-2f6a32,Company_160,HealthTech,US,2024-08-26,organic,Basic,19,False,False,,,0.0,0,0,0.0,0,0,361,4332,annual,True,11,2024-09-16,1,0,2.0,3.5,41.0,72.0,0.0,654,207283,46,32,61,6,2024-08,,
A-856b1e,Company_161,FinTech,US,2023-10-31,partner,Basic,19,False,False,,,0.0,0,0,0.0,0,0,0,0,monthly,True,6,2023-11-02,1,0,5.0,3.9812765957446805,36.0,79.4,1.0,230,63418,24,17,23,4,2023-10,,
A-17939a,Company_162,HealthTech,US,2024-12-26,organic,Basic,1,False,False,,,0.0,0,0,0.0,0,0,266,3192,annual,True,11,2024-12-26,0,0,7.0,4.277689969604864,38.0,83.42857142857143,0.0,440,121725,43,25,46,5,2024-12,,
A-d27f50,Company_163,Cybersecurity,UK,2024-07-20,ads,Enterprise,44,False,False,,,0.0,0,0,0.0,0,0,836,10032,annual,False,12,2024-07-22,1,0,4.0,3.75,37.5,116.5,0.0,481,170101,31,29,48,4,2024-07,,
A-e36807,Company_164,EdTech,AU,2024-05-17,other,Pro,6,False,False,,,0.0,0,0,0.0,0,0,1791,21492,monthly,True,10,2024-06-01,0,0,2.0,4.5,41.0,152.0,0.0,446,140849,27,27,48,4,2024-05,,
A-ff79f2,Company_165,DevTools,US,2024-04-25,ads,Basic,8,False,True,,,0.0,0,0,0.0,0,0,3781,45372,annual,True,9,2024-05-29,2,0,2.0,3.981276595744681,50.0,82.5,0.0,393,133848,12,24,41,4,2024-04,,
A-5b1bcd,Company_166,DevTools,US,2023-09-16,organic,Pro,73,False,False,2024-08-07,competitor,4.45,False,False,1.0,False,1,3577,42924,annual,False,15,2023-09-23,3,0,4.0,4.240638297872341,43.25,92.5,0.0,869,251284,54,34,79,6,2023-09,319.0,10.4796320630749
A-71615e,Company_167,EdTech,US,2024-05-18,organic,Basic,15,False,False,2024-07-16,pricing,0.0,True,False,1.0,False,1,735,8820,annual,True,13,2024-06-27,3,0,1.0,3.981276595744681,49.0,77.0,0.0,620,194799,41,29,59,4,2024-05,19.0,0.6241787122207622
A-794a0b,Company_168,HealthTech,DE,2023-06-02,organic,Basic,23,False,False,2024-09-09,budget,0.0,False,True,1.0,False,1,6169,74028,monthly,True,7,2023-08-07,0,0,0.0,,,,0.0,347,94200,31,28,36,1,2023-06,399.0,13.107752956636006
A-86902e,Company_169,HealthTech,IN,2023-05-02,other,Enterprise,34,False,False,2024-12-07,features,0.0,False,False,1.0,False,1,6766,81192,annual,True,10,2023-07-21,2,0,9.0,3.767375886524823,40.888888888888886,71.44444444444444,0.0,628,202329,36,32,59,6,2023-05,505.0,16.590013140604466
A-0532a9,Company_170,FinTech,IN,2024-09-25,event,Pro,19,False,False,2024-10-09,pricing,2.4,False,False,1.0,False,1,931,11172,annual,False,10,2024-09-26,4,1,8.0,3.858617021276596,30.75,73.375,0.0,519,157792,30,30,53,7,2024-09,13.0,0.42706964520367935
A-9779ad,Company_171,Cybersecurity,AU,2024-03-29,event,Pro,40,True,True,2024-08-11,features,0.0,True,False,3.0,False,1,7960,95520,monthly,False,10,2024-04-07,0,0,3.0,4.320851063829788,20.666666666666668,116.33333333333333,0.0,413,109079,25,29,43,3,2024-03,126.0,4.139290407358739
A-f45426,Company_172,HealthTech,US,2024-08-05,organic,Basic,9,False,False,2024-11-13,pricing,47.17,False,False,2.0,False,1,441,5292,monthly,False,11,2024-08-05,0,3,3.0,3.9875177304964544,17.0,69.0,0.0,624,191651,49,33,58,5,2024-08,100.0,3.2851511169513796
A-c1e51e,Company_173,FinTech,US,2024-10-02,organic,Basic,3,False,False,2024-12-20,support,0.0,False,False,2.0,False,1,779,9348,annual,True,10,2024-10-20,1,1,5.0,3.2,40.0,75.6,0.0,518,152228,36,28,49,7,2024-10,61.0,2.0039421813403417
A-fa3095,Company_174,FinTech,US,2023-09-03,ads,Basic,70,False,False,2023-12-23,support,0.0,False,False,1.0,False,1,1330,15960,annual,True,12,2023-09-18,0,0,5.0,4.388765957446809,49.2,84.0,0.0,600,202100,42,31,55,5,2023-09,96.0,3.1537450722733245
A-ad64c6,Company_175,DevTools,UK,2024-02-23,event,Pro,12,False,False,2024-07-29,unknown,19.08,True,False,2.0,False,1,5572,66864,annual,True,6,2024-03-07,0,0,4.0,4.235957446808511,34.0,98.5,0.0,215,79605,18,16,19,2,2024-02,144.0,4.730617608409987
A-39b19f,Company_176,FinTech,US,2023-02-03,partner,Enterprise,1,False,False,2023-03-11,unknown,0.0,False,False,1.0,False,1,247,2964,monthly,True,11,2023-02-23,1,1,6.0,4.1604255319148935,47.833333333333336,87.5,1.0,530,135061,37,30,52,5,2023-02,16.0,0.5256241787122208
A-56962b,Company_177,EdTech,UK,2024-04-09,partner,Enterprise,163,False,False,2024-08-26,pricing,45.83,True,False,2.0,False,1,32437,389244,monthly,True,7,2024-05-15,1,0,4.0,3.7359574468085106,37.5,105.5,0.0,271,81944,25,16,28,4,2024-04,103.0,3.383705650459921
A-e60f9d,Company_178,FinTech,US,2024-08-26,other,Basic,29,False,False,,,0.0,0,0,0.0,0,0,722,8664,annual,True,15,2024-09-17,0,2,2.0,3.981276595744681,70.5,106.5,0.0,629,158587,24,30,62,5,2024-08,,
A-88c6ca,Company_179,FinTech,DE,2024-10-25,ads,Basic,5,False,True,,,0.0,0,0,0.0,0,0,1127,13524,annual,True,7,2024-11-01,0,0,1.0,3.981276595744681,56.0,12.0,0.0,446,130195,19,27,41,8,2024-10,,
A-158f4e,Company_180,FinTech,IN,2023-03-03,other,Enterprise,61,False,False,2024-12-04,features,0.0,False,False,2.0,False,1,12139,145668,monthly,True,12,2023-06-02,0,0,5.0,4.192510638297873,27.6,126.0,0.0,453,124458,29,32,48,3,2023-03,551.0,18.101182654402102
A-5b051a,Company_181,Cybersecurity,US,2024-08-05,event,Enterprise,22,False,False,,,0.0,0,0,0.0,0,0,1078,12936,monthly,True,4,2024-09-18,0,0,1.0,3.0,2.0,2.0,0.0,171,44864,17,14,16,3,2024-08,,
A-296d7c,Company_182,DevTools,DE,2023-11-08,other,Enterprise,2,False,False,2024-11-04,budget,0.0,False,False,1.0,False,1,294,3528,annual,True,7,2024-01-30,0,0,5.0,3.796255319148936,50.4,105.2,0.0,357,124753,18,21,31,7,2023-11,279.0,9.165571616294349
A-1619f8,Company_183,DevTools,US,2024-05-20,organic,Pro,29,False,False,2024-09-21,budget,0.0,True,False,3.0,False,1,551,6612,monthly,True,7,2024-06-09,1,0,3.0,4.320851063829788,42.0,81.0,0.0,432,142787,26,27,41,2,2024-05,104.0,3.416557161629435
A-a1b80b,Company_184,HealthTech,US,2023-11-27,organic,Basic,16,False,False,2024-07-11,budget,12.99,False,False,1.0,True,1,0,0,annual,True,16,2024-03-11,3,1,4.0,3.9953191489361704,41.0,72.5,0.0,749,222610,48,33,71,5,2023-11,122.0,4.0078843626806835
A-139c3b,Company_185,HealthTech,US,2024-11-21,organic,Enterprise,10,True,True,,,0.0,0,0,0.0,0,0,0,0,annual,True,8,2024-11-26,1,0,9.0,4.2118203309692674,28.444444444444443,66.11111111111111,0.0,478,150601,16,27,44,7,2024-11,,
A-702032,Company_186,HealthTech,US,2023-10-03,ads,Pro,28,False,False,2024-06-14,competitor,10.5,False,False,2.0,False,1,1372,16464,annual,True,6,2024-04-24,1,0,4.0,3.4906382978723407,26.0,98.25,0.0,285,91776,15,19,25,1,2023-10,51.0,1.6754270696452036
A-7a0d69,Company_187,DevTools,DE,2024-06-15,ads,Enterprise,4,True,True,2024-12-29,budget,28.95,True,True,3.0,False,1,3184,38208,monthly,True,11,2024-07-21,2,0,2.0,4.490638297872341,29.0,52.5,0.0,606,179167,31,31,60,5,2024-06,161.0,5.289093298291721
A-22d9d2,Company_188,DevTools,FR,2024-03-22,event,Pro,8,False,False,2024-10-17,pricing,0.0,False,False,1.0,False,1,1568,18816,monthly,True,14,2024-03-27,2,1,6.0,3.993758865248227,16.0,88.0,1.0,782,239679,43,35,74,6,2024-03,204.0,6.701708278580814
A-b9eed8,Company_189,Cybersecurity,US,2024-02-23,organic,Basic,11,False,False,2024-04-23,pricing,0.0,True,False,1.0,True,1,342,4104,monthly,True,11,2024-03-16,0,3,5.0,3.796255319148936,29.2,103.8,1.0,623,168474,55,29,58,9,2024-02,38.0,1.2483574244415243
A-dfbd31,Company_190,DevTools,UK,2023-12-04,partner,Enterprise,14,False,False,2024-12-19,unknown,0.0,True,False,2.0,False,1,266,3192,monthly,True,14,2023-12-10,1,1,6.0,4.1604255319148935,29.666666666666668,129.83333333333334,0.0,599,182273,19,27,50,7,2023-12,375.0,12.319316688567673
A-8e47ca,Company_191,HealthTech,US,2024-02-15,organic,Pro,19,False,False,2024-12-31,support,0.0,False,False,3.0,False,1,4975,59700,monthly,True,9,2024-02-27,1,0,5.0,3.988765957446809,33.4,80.6,1.0,441,133497,35,29,44,2,2024-02,308.0,10.11826544021025
A-4437e4,Company_192,Cybersecurity,US,2023-09-16,event,Enterprise,3,False,False,2024-06-21,features,0.0,False,False,1.0,False,1,171,2052,annual,True,16,2023-11-17,4,1,6.0,3.654184397163121,34.666666666666664,125.33333333333333,2.0,806,260271,43,37,81,8,2023-09,217.0,7.128777923784494
A-779e4e,Company_193,HealthTech,US,2023-01-02,organic,Basic,5,False,False,,,0.0,0,0,0.0,0,0,1862,22344,annual,True,10,2023-01-09,2,1,5.0,3.9962553191489363,26.6,91.6,0.0,393,111038,20,28,41,6,2023-01,,
A-53f4e3,Company_194,Cybersecurity,UK,2024-06-14,event,Enterprise,13,False,False,2024-12-06,competitor,0.0,False,True,1.0,True,1,1421,17052,monthly,True,10,2024-06-17,0,0,5.0,3.9925106382978726,28.6,99.0,0.0,410,127529,45,29,42,1,2024-06,172.0,5.650459921156373
A-692f18,Company_195,EdTech,US,2024-03-28,other,Basic,5,True,True,2024-12-23,support,0.0,True,False,1.0,False,1,5572,66864,annual,True,17,2024-03-29,2,1,2.0,4.490638297872341,37.5,120.0,0.0,871,261911,55,36,83,9,2024-03,269.0,8.83705650459921
A-13466a,Company_196,DevTools,AU,2023-10-22,event,Basic,2,False,True,2024-04-18,pricing,6.51,False,True,2.0,True,1,171,2052,annual,True,6,2023-11-18,0,0,3.0,4.333333333333333,32.333333333333336,94.33333333333333,1.0,205,57539,14,17,22,2,2023-10,152.0,4.993429697766097
A-1986ca,Company_197,HealthTech,IN,2023-01-30,ads,Pro,20,False,False,,,0.0,0,0,0.0,0,0,3980,47760,monthly,False,7,2023-07-06,1,0,7.0,3.5660790273556233,36.57142857142857,106.57142857142857,0.0,362,102382,23,26,35,5,2023-01,,
A-0cc442,Company_198,EdTech,US,2024-07-18,organic,Basic,45,False,False,2024-10-23,budget,59.52,True,False,4.0,True,1,8955,107460,annual,True,13,2024-07-27,3,1,3.0,3.654184397163121,37.0,47.333333333333336,0.0,765,230759,41,34,73,7,2024-07,88.0,2.890932982917214
A-c608c8,Company_199,DevTools,DE,2023-04-27,ads,Pro,3,False,True,2024-06-04,support,0.0,False,False,1.0,False,1,1029,12348,annual,True,8,2023-06-30,1,1,2.0,3.4906382978723407,59.0,66.0,0.0,445,144345,27,29,40,5,2023-04,340.0,11.169513797634691
A-3be56b,Company_200,HealthTech,IN,2023-10-26,event,Pro,3,False,True,2024-06-20,pricing,0.0,True,False,2.0,False,1,380,4560,annual,False,12,2023-11-22,1,1,4.0,3.5,40.25,74.0,0.0,528,169908,33,28,54,8,2023-10,211.0,6.931668856767411
A-354f12,Company_201,FinTech,US,2024-04-28,ads,Pro,1,True,False,2024-09-19,competitor,0.0,False,True,1.0,False,1,133,1596,monthly,True,4,2024-05-28,0,1,2.0,3.981276595744681,56.5,137.5,0.0,158,48510,3,14,15,1,2024-04,114.0,3.7450722733245727
A-68f37c,Company_202,HealthTech,US,2023-07-15,ads,Basic,4,False,False,2024-12-18,features,0.0,True,False,4.0,True,1,796,9552,monthly,True,12,2023-07-24,3,0,5.0,3.9850212765957442,20.2,119.8,0.0,624,202756,40,30,64,6,2023-07,513.0,16.852825229960576
A-aa9511,Company_203,DevTools,US,2023-10-10,other,Pro,23,True,False,2023-10-17,competitor,0.0,False,False,1.0,False,1,5970,71640,monthly,False,15,2023-10-11,0,1,2.0,3.9906382978723407,56.5,98.5,0.0,625,189526,35,33,63,5,2023-10,6.0,0.19710906701708278
A-af0cd2,Company_204,Cybersecurity,IN,2023-01-03,other,Enterprise,19,True,False,2023-10-26,unknown,0.0,False,True,1.0,False,1,1083,12996,annual,True,11,2023-01-12,1,0,3.0,3.981276595744681,54.333333333333336,149.33333333333334,0.0,687,225366,33,31,67,8,2023-01,287.0,9.42838370565046
A-bd4513,Company_205,DevTools,AU,2024-11-06,event,Enterprise,50,True,False,2024-12-09,budget,35.14,False,True,2.0,False,1,950,11400,annual,True,12,2024-11-12,2,0,3.0,4.666666666666667,42.0,58.666666666666664,0.0,507,157547,34,28,46,4,2024-11,27.0,0.8869908015768725
A-c222ab,Company_206,Cybersecurity,US,2024-05-10,other,Pro,32,False,True,2024-10-05,support,32.14,True,False,3.0,False,1,1568,18816,monthly,True,7,2024-08-24,1,0,4.0,4.235957446808511,39.0,94.5,0.0,435,133441,33,27,45,6,2024-05,42.0,1.3797634691195795
A-34d880,Company_207,Cybersecurity,AU,2024-04-11,ads,Enterprise,4,False,False,2024-12-20,unknown,10.4,False,False,1.0,False,1,995,11940,monthly,True,9,2024-04-18,0,0,5.0,3.0,52.2,90.8,0.0,474,144424,40,29,47,3,2024-04,246.0,8.081471747700395
A-508199,Company_208,FinTech,AU,2024-01-28,event,Basic,19,False,False,,,0.0,0,0,0.0,0,0,0,0,monthly,True,5,2024-01-30,0,0,3.0,3.654184397163121,50.666666666666664,67.33333333333333,0.0,231,80389,15,16,23,2,2024-01,,
A-f03140,Company_209,DevTools,IN,2023-11-22,event,Pro,27,True,False,2024-10-03,competitor,0.0,False,False,1.0,False,1,0,0,annual,True,10,2023-12-11,1,1,7.0,3.84644376899696,36.0,113.14285714285714,0.0,595,196965,22,32,56,4,2023-11,297.0,9.756898817345597
A-410e86,Company_210,FinTech,US,2024-11-10,organic,Basic,24,False,False,,,0.0,0,0,0.0,0,0,4776,57312,monthly,False,7,2024-11-16,0,0,5.0,3.7887659574468087,42.6,110.0,0.0,292,107443,21,22,29,3,2024-11,,
A-fa2041,Company_211,HealthTech,US,2024-05-29,organic,Pro,15,True,False,2024-07-13,competitor,0.0,False,False,1.0,False,1,0,0,annual,True,12,2024-06-11,0,0,1.0,3.0,16.0,99.0,0.0,552,157263,34,34,58,6,2024-05,32.0,1.0512483574244416
A-de58ca,Company_212,HealthTech,DE,2023-04-13,organic,Enterprise,15,False,False,,,0.0,0,0,0.0,0,0,7164,85968,annual,True,11,2023-04-20,0,0,5.0,3.5925106382978726,30.6,115.0,0.0,505,141942,33,28,47,7,2023-04,,
A-05d3b3,Company_213,DevTools,AU,2023-05-28,ads,Basic,9,True,False,2024-09-09,unknown,0.0,False,False,2.0,False,1,3781,45372,annual,True,13,2023-07-12,0,0,6.0,4.157304964539008,31.5,48.333333333333336,0.0,642,193363,22,32,62,4,2023-05,425.0,13.961892247043364
A-249769,Company_214,Cybersecurity,US,2024-04-25,event,Enterprise,4,False,True,2024-12-16,budget,0.0,False,False,2.0,True,1,133,1596,annual,True,13,2024-06-08,0,0,2.0,4.0,39.5,96.5,0.0,678,193777,30,31,65,3,2024-04,191.0,6.274638633377135
A-e43bf7,Company_215,Cybersecurity,AU,2023-03-24,other,Pro,44,False,False,2023-06-24,pricing,0.0,False,False,1.0,False,1,8756,105072,annual,True,7,2023-05-21,3,0,5.0,3.9925106382978726,27.4,80.0,1.0,371,103455,35,26,40,2,2023-03,34.0,1.1169513797634691
A-eb2fdc,Company_216,DevTools,AU,2023-11-21,organic,Enterprise,31,False,True,2024-05-26,competitor,0.0,False,False,1.0,False,1,589,7068,annual,True,12,2024-02-24,0,0,5.0,4.396255319148937,33.6,37.6,0.0,547,174663,17,29,50,3,2023-11,92.0,3.0223390275952693
A-e1462e,Company_217,FinTech,UK,2023-03-12,partner,Basic,15,False,False,2024-12-05,competitor,0.0,False,False,2.0,True,1,285,3420,annual,False,7,2023-04-03,1,1,2.0,3.5,39.5,118.5,0.0,347,98097,22,26,35,4,2023-03,612.0,20.105124835742444
A-cab532,Company_218,DevTools,FR,2023-04-03,organic,Pro,11,True,False,2024-07-10,support,0.0,True,False,1.0,False,1,1715,20580,annual,True,15,2023-04-21,2,1,1.0,4.0,32.0,175.0,0.0,1005,273639,47,38,96,7,2023-04,446.0,14.651773981603153
A-9123ac,Company_219,Cybersecurity,DE,2023-06-20,organic,Pro,9,False,False,2024-10-23,competitor,0.0,True,False,2.0,True,1,3582,42984,annual,True,7,2023-10-25,0,1,6.0,4.16354609929078,38.833333333333336,91.66666666666667,0.0,386,120014,24,28,37,4,2023-06,364.0,11.957950065703022
A-6e08f3,Company_220,Cybersecurity,US,2023-02-27,event,Basic,8,False,False,2024-02-10,competitor,0.0,False,False,1.0,True,1,247,2964,annual,True,10,2023-07-25,1,1,2.0,3.5,36.5,137.0,0.0,492,149078,21,28,46,7,2023-02,200.0,6.570302233902759
A-d922bf,Company_221,HealthTech,US,2023-09-08,ads,Basic,5,True,True,2024-12-06,support,11.13,False,True,1.0,False,1,1791,21492,annual,True,7,2023-10-29,0,0,7.0,3.703586626139818,39.142857142857146,101.14285714285714,1.0,419,134119,19,24,40,3,2023-09,404.0,13.272010512483574
A-8ed5dd,Company_222,EdTech,UK,2023-06-29,event,Enterprise,5,False,True,2024-11-02,unknown,0.0,True,True,2.0,False,1,285,3420,monthly,True,12,2023-08-08,3,1,6.0,3.8270921985815605,29.0,96.83333333333333,0.0,545,173217,45,29,52,2,2023-06,452.0,14.848883048620236
A-7c6b6b,Company_223,FinTech,US,2024-11-30,other,Basic,6,False,False,2024-12-09,budget,0.0,False,False,1.0,False,1,1127,13524,monthly,True,7,2024-12-06,0,0,5.0,4.192510638297873,52.2,82.4,0.0,311,82471,24,22,32,5,2024-11,3.0,0.09855453350854139
A-3c1a3f,Company_224,DevTools,UK,2023-08-26,event,Pro,1,False,False,,,0.0,0,0,0.0,0,0,133,1596,annual,False,12,2023-08-31,0,1,4.0,3.7406382978723407,33.25,56.5,0.0,497,172341,22,31,49,5,2023-08,,
A-b48f73,Company_225,EdTech,AU,2024-11-13,event,Pro,80,True,False,,,0.0,0,0,0.0,0,0,3920,47040,annual,False,7,2024-11-15,0,0,3.0,3.993758865248227,28.666666666666668,35.333333333333336,0.0,412,118416,23,24,42,3,2024-11,,
A-76fa4d,Company_226,HealthTech,US,2024-11-24,event,Pro,69,False,False,2024-12-03,pricing,33.04,False,False,2.0,False,1,3381,40572,monthly,True,7,2024-11-26,0,0,5.0,4.396255319148937,33.4,111.8,0.0,357,126251,21,21,36,4,2024-11,7.0,0.22996057818659657
A-b2af2e,Company_227,Cybersecurity,UK,2024-08-24,event,Enterprise,5,False,False,2024-11-14,pricing,0.0,False,False,1.0,False,1,1026,12312,annual,False,4,2024-08-26,0,1,2.0,4.0,39.5,95.0,0.0,174,60214,11,14,18,4,2024-08,80.0,2.628120893561104
A-9bfc9f,Company_228,DevTools,CA,2023-09-14,ads,Pro,53,False,False,,,0.0,0,0,0.0,0,0,2940,35280,monthly,True,9,2023-09-19,3,2,6.0,3.657304964539007,35.333333333333336,84.33333333333333,1.0,376,109862,18,23,37,4,2023-09,,
A-4ae22a,Company_229,EdTech,US,2024-05-09,other,Pro,6,False,True,2024-07-20,pricing,0.0,False,False,1.0,False,1,532,6384,annual,True,7,2024-05-28,0,0,3.0,3.654184397163121,14.333333333333334,72.66666666666667,0.0,369,142387,31,24,33,6,2024-05,53.0,1.7411300919842312
A-fda07f,Company_230,Cybersecurity,FR,2024-08-11,partner,Basic,7,False,False,2024-09-13,support,17.34,False,False,1.0,False,1,266,3192,monthly,True,12,2024-08-24,4,1,5.0,3.9925106382978726,17.8,57.0,0.0,681,231376,39,31,62,4,2024-08,20.0,0.657030223390276
A-de24d5,Company_231,DevTools,US,2024-11-05,other,Enterprise,5,True,False,,,0.0,0,0,0.0,0,0,245,2940,monthly,False,13,2024-11-06,0,0,7.0,3.7009118541033432,43.142857142857146,103.42857142857143,0.0,537,140266,28,29,52,6,2024-11,,
A-977ca0,Company_232,HealthTech,IN,2023-02-20,partner,Basic,6,False,True,,,0.0,0,0,0.0,0,0,686,8232,annual,True,16,2023-02-20,1,0,3.0,3.9875177304964544,64.0,123.0,0.0,893,242860,46,38,80,13,2023-02,,
A-ab438f,Company_233,Cybersecurity,US,2024-09-13,ads,Enterprise,13,False,True,2024-12-02,budget,0.0,True,True,1.0,False,1,0,0,monthly,True,8,2024-10-18,1,0,2.0,3.5,33.5,112.5,0.0,369,111452,12,25,36,3,2024-09,45.0,1.4783180026281209
A-e89151,Company_234,FinTech,UK,2023-09-14,organic,Pro,8,True,True,,,0.0,0,0,0.0,0,0,8756,105072,annual,True,9,2023-11-14,3,0,2.0,4.490638297872341,41.5,48.5,0.0,601,188786,29,30,54,13,2023-09,,
A-40906c,Company_235,EdTech,US,2024-03-27,ads,Basic,92,False,False,,,0.0,0,0,0.0,0,0,4508,54096,annual,True,12,2024-05-28,0,0,5.0,3.796255319148936,29.2,95.0,0.0,685,210243,32,32,59,7,2024-03,,
A-81edc3,Company_236,Cybersecurity,IN,2023-10-30,ads,Basic,5,False,False,2024-12-16,support,10.91,False,False,3.0,False,1,995,11940,annual,True,12,2023-11-07,2,0,3.0,3.993758865248227,52.666666666666664,70.0,0.0,765,245080,41,33,72,11,2023-10,405.0,13.304862023653088
A-328bd0,Company_237,HealthTech,AU,2023-05-16,partner,Enterprise,18,False,False,,,0.0,0,0,0.0,0,0,882,10584,annual,True,13,2023-08-10,1,1,5.0,3.7925106382978724,46.0,68.2,0.0,568,162210,49,30,59,5,2023-05,,
A-b3fe05,Company_238,Cybersecurity,CA,2024-05-28,partner,Pro,8,False,False,,,0.0,0,0,0.0,0,0,0,0,annual,False,9,2024-06-06,0,0,4.0,3.4906382978723407,48.25,94.25,0.0,438,141962,18,29,43,8,2024-05,,
A-09540c,Company_239,Cybersecurity,CA,2023-10-30,event,Basic,67,True,False,2024-03-05,unknown,71.44,False,False,1.0,False,1,3283,39396,monthly,True,6,2024-04-11,1,1,2.0,4.5,28.0,89.0,0.0,297,94696,16,20,28,3,2023-10,-37.0,-1.2155059132720105
A-e693b6,Company_240,FinTech,AU,2023-05-25,event,Enterprise,55,False,True,2024-10-10,budget,0.0,False,True,1.0,False,1,10945,131340,annual,True,12,2023-08-01,1,0,1.0,3.0,1.0,144.0,0.0,681,206167,25,31,58,4,2023-05,436.0,14.323258869908015
A-2446e3,Company_241,EdTech,IN,2024-01-10,organic,Pro,27,False,False,2024-07-29,unknown,81.93,True,True,2.0,True,1,5373,64476,monthly,True,7,2024-01-21,1,1,3.0,4.0,28.666666666666668,104.66666666666667,0.0,496,151037,32,28,44,5,2024-01,190.0,6.241787122207621
A-241e75,Company_242,EdTech,US,2024-07-03,partner,Enterprise,3,False,False,2024-12-19,features,0.0,True,False,2.0,False,1,95,1140,monthly,True,5,2024-07-11,0,1,4.0,4.240638297872341,31.5,101.0,0.0,266,100257,20,17,27,2,2024-07,161.0,5.289093298291721
A-922109,Company_243,Cybersecurity,US,2024-01-26,ads,Pro,3,False,False,2024-12-17,support,0.0,True,True,2.0,False,1,0,0,monthly,True,13,2024-03-23,0,0,3.0,3.654184397163121,25.333333333333332,127.0,0.0,819,274464,34,35,75,4,2024-01,269.0,8.83705650459921
A-ff3c73,Company_244,HealthTech,AU,2023-01-26,other,Pro,21,False,False,2024-05-09,competitor,2.42,True,False,2.0,False,1,399,4788,annual,True,9,2023-04-06,1,0,2.0,3.5,35.5,97.5,0.0,408,143989,23,29,38,5,2023-01,399.0,13.107752956636006
A-8b0451,Company_245,FinTech,UK,2024-09-16,event,Enterprise,41,False,False,2024-12-29,budget,0.0,False,False,1.0,False,1,8159,97908,annual,True,10,2024-09-21,0,0,7.0,3.706261398176292,26.571428571428573,83.71428571428571,0.0,606,177930,45,32,55,6,2024-09,99.0,3.252299605781866
A-331424,Company_246,DevTools,US,2023-11-06,organic,Basic,11,False,False,2024-02-21,competitor,0.0,False,False,1.0,False,1,0,0,monthly,False,6,2024-01-04,0,0,2.0,3.981276595744681,24.5,98.5,0.0,214,76170,9,17,20,3,2023-11,48.0,1.5768725361366622
A-51ec1b,Company_247,DevTools,US,2023-11-08,ads,Enterprise,7,False,False,2023-12-09,unknown,0.0,True,False,1.0,True,1,3383,40596,annual,True,6,2024-02-10,3,2,3.0,4.6604255319148935,52.333333333333336,150.0,1.0,283,111162,12,19,27,3,2023-11,-63.0,-2.0696452036793693
A-bcf664,Company_248,DevTools,US,2023-05-19,other,Pro,5,False,False,2024-10-04,features,75.32,False,False,3.0,True,1,2303,27636,annual,True,13,2023-06-16,0,0,5.0,3.9925106382978726,36.0,110.6,1.0,575,181920,28,31,54,5,2023-05,476.0,15.637319316688567
A-90a8c8,Company_249,FinTech,AU,2024-08-24,organic,Pro,15,False,False,2024-08-29,support,0.0,False,False,1.0,False,1,2985,35820,monthly,False,7,2024-08-25,2,0,4.0,3.25,45.0,29.5,0.0,404,127486,20,23,39,4,2024-08,4.0,0.1314060446780552
A-86cdb4,Company_250,DevTools,DE,2024-09-22,partner,Basic,2,False,False,,,0.0,0,0,0.0,0,0,323,3876,monthly,True,9,2024-10-06,0,0,5.0,4.192510638297873,26.4,105.8,0.0,492,167226,24,27,48,6,2024-09,,
A-4bfa33,Company_251,Cybersecurity,US,2024-12-07,event,Basic,8,True,False,2024-12-28,unknown,99.76,True,False,3.0,False,1,0,0,annual,True,7,2024-12-10,0,0,4.0,3.7453191489361704,16.5,84.75,0.0,329,78244,17,23,34,6,2024-12,18.0,0.5913272010512484
A-dbc825,Company_252,EdTech,FR,2024-01-07,partner,Enterprise,19,False,False,2024-02-03,budget,0.0,False,False,2.0,False,1,361,4332,annual,True,16,2024-01-19,2,0,6.0,3.9875177304964544,49.5,108.16666666666667,1.0,730,212801,58,34,68,8,2024-01,15.0,0.49277266754270693
A-c70870,Company_253,Cybersecurity,US,2024-10-22,partner,Basic,31,False,False,2024-12-13,competitor,0.0,False,False,1.0,False,1,33830,405960,monthly,True,7,2024-11-11,2,1,5.0,3.9925106382978726,35.6,105.8,0.0,334,106338,18,23,34,4,2024-10,32.0,1.0512483574244416
A-7c4956,Company_254,DevTools,US,2023-05-06,ads,Enterprise,5,False,True,,,0.0,0,0,0.0,0,0,513,6156,annual,True,8,2023-06-05,0,0,3.0,3.9875177304964544,13.666666666666666,66.66666666666667,0.0,475,129707,40,27,44,6,2023-05,,
A-0651a4,Company_255,HealthTech,FR,2024-10-16,organic,Pro,16,False,False,2024-12-25,support,0.0,False,True,2.0,False,1,12935,155220,annual,True,15,2024-10-27,0,0,4.0,3.9906382978723407,29.25,48.5,0.0,705,201426,37,34,67,8,2024-10,59.0,1.938239159001314
A-3ce5b8,Company_256,FinTech,IN,2023-09-07,ads,Basic,8,False,True,2024-09-18,features,261.49,False,False,1.0,False,1,0,0,annual,True,9,2023-12-15,0,0,10.0,3.7943829787234042,42.5,101.8,0.0,509,147802,29,29,50,5,2023-09,278.0,9.132720105124836
A-bd4708,Company_257,FinTech,US,2024-07-21,ads,Pro,37,True,False,,,0.0,0,0,0.0,0,0,7363,88356,monthly,True,13,2024-07-24,1,0,4.0,3.7406382978723407,24.0,90.75,0.0,653,201897,30,33,63,7,2024-07,,
A-993085,Company_258,HealthTech,US,2023-06-01,ads,Basic,31,True,False,2024-01-21,features,0.0,False,False,2.0,False,1,8358,100296,monthly,False,15,2023-08-05,2,2,4.0,3.7406382978723407,46.5,82.0,0.0,665,216015,50,33,64,7,2023-06,169.0,5.551905387647832
A-92a3af,Company_259,Cybersecurity,IN,2024-07-07,organic,Enterprise,25,False,False,,,0.0,0,0,0.0,0,0,1225,14700,monthly,True,11,2024-07-23,0,2,4.0,3.9906382978723407,57.5,39.0,1.0,714,218189,55,35,65,8,2024-07,,
A-151c9a,Company_260,FinTech,US,2023-01-27,ads,Enterprise,23,False,False,2023-11-04,support,35.6,False,False,1.0,False,1,2548,30576,monthly,False,5,2023-05-08,0,1,2.0,3.5,31.0,156.5,0.0,366,120907,14,28,34,1,2023-01,180.0,5.913272010512483
A-474ad4,Company_261,EdTech,US,2023-11-28,organic,Basic,8,False,False,,,0.0,0,0,0.0,0,0,4776,57312,annual,False,15,2023-12-04,1,1,3.0,4.320851063829788,33.0,50.666666666666664,1.0,605,183355,45,34,57,6,2023-11,,
A-4ef964,Company_262,HealthTech,US,2024-03-07,organic,Pro,17,False,False,2024-06-19,budget,0.0,True,False,1.0,False,1,1372,16464,monthly,True,9,2024-04-01,0,0,3.0,3.993758865248227,42.666666666666664,86.33333333333333,0.0,487,150663,33,31,49,6,2024-03,79.0,2.59526938239159
A-fd9422,Company_263,Cybersecurity,US,2024-04-04,organic,Pro,58,False,False,,,0.0,0,0,0.0,0,0,2842,34104,annual,True,9,2024-05-08,1,1,6.0,3.5,44.333333333333336,116.83333333333333,1.0,456,143313,21,27,43,5,2024-04,,
A-0baac2,Company_264,FinTech,DE,2024-05-30,organic,Enterprise,14,False,True,2024-12-24,unknown,99.38000000000001,True,False,4.0,False,1,2786,33432,annual,True,6,2024-06-02,0,0,6.0,4.157304964539008,43.5,89.0,0.0,202,73161,9,19,21,0,2024-05,205.0,6.734559789750328
A-bb1486,Company_265,HealthTech,US,2024-11-05,organic,Basic,41,False,False,2024-11-23,competitor,0.0,False,True,2.0,True,1,3283,39396,annual,True,8,2024-11-13,0,2,3.0,3.654184397163121,11.0,78.0,0.0,405,118945,36,24,41,5,2024-11,10.0,0.328515111695138
A-560d27,Company_266,DevTools,US,2024-05-05,organic,Pro,23,False,False,,,0.0,0,0,0.0,0,0,0,0,annual,True,12,2024-05-31,1,0,4.0,3.7453191489361704,30.75,59.75,0.0,587,185616,38,27,57,6,2024-05,,
A-0b0d6d,Company_267,DevTools,US,2024-12-30,organic,Pro,3,False,False,2024-12-31,competitor,0.0,False,False,1.0,False,1,882,10584,monthly,True,13,2024-12-30,1,0,5.0,3.988765957446809,31.4,90.4,1.0,582,162411,48,32,61,9,2024-12,1.0,0.0328515111695138
A-2789e3,Company_268,FinTech,US,2024-09-14,partner,Enterprise,11,False,False,,,0.0,0,0,0.0,0,0,0,0,monthly,True,12,2024-09-18,1,1,4.0,3.9953191489361704,47.25,83.25,0.0,680,205877,45,33,62,6,2024-09,,
A-b07346,Company_269,HealthTech,US,2024-10-10,partner,Pro,51,False,True,2024-11-12,budget,0.0,False,False,1.0,False,1,0,0,annual,True,5,2024-11-06,1,0,3.0,3.660425531914894,42.333333333333336,76.66666666666667,0.0,326,106943,22,23,33,4,2024-10,6.0,0.19710906701708278
A-902ef7,Company_270,HealthTech,US,2024-09-03,other,Enterprise,83,False,True,2024-09-26,pricing,0.0,False,False,1.0,False,1,1577,18924,annual,True,8,2024-09-05,2,0,2.0,3.9906382978723407,48.5,85.0,0.0,414,145878,24,31,39,5,2024-09,21.0,0.6898817345597897
A-20736a,Company_271,EdTech,IN,2024-03-16,organic,Enterprise,50,False,False,2024-03-19,competitor,64.98,False,False,1.0,False,1,9950,119400,annual,True,7,2024-05-09,1,1,4.0,3.75,42.25,78.25,0.0,430,108408,22,22,40,5,2024-03,-51.0,-1.6754270696452036
A-e4bf56,Company_272,HealthTech,IN,2024-10-28,ads,Pro,17,False,True,,,0.0,0,0,0.0,0,0,4378,52536,monthly,True,7,2024-11-17,0,1,8.0,3.7453191489361704,29.125,111.5,0.0,339,115488,10,25,33,1,2024-10,,
A-cea1f0,Company_273,FinTech,US,2024-04-07,event,Pro,8,False,True,,,0.0,0,0,0.0,0,0,1592,19104,annual,False,10,2024-06-01,1,1,5.0,4.192510638297873,42.2,107.4,0.0,586,161188,28,28,54,9,2024-04,,
A-ef84cf,Company_274,EdTech,US,2024-03-01,partner,Enterprise,8,False,False,2024-11-20,support,18.81,True,False,3.0,True,1,152,1824,monthly,True,5,2024-03-12,0,1,5.0,4.192510638297873,34.8,79.4,1.0,309,100420,11,21,28,3,2024-03,253.0,8.31143232588699
A-d49cc5,Company_275,Cybersecurity,FR,2023-09-19,event,Basic,50,False,False,2024-04-12,competitor,0.0,False,False,1.0,False,1,950,11400,monthly,True,8,2024-02-13,0,0,4.0,4.240638297872341,32.0,55.25,0.0,436,142933,34,27,39,5,2023-09,59.0,1.938239159001314
A-67be94,Company_276,EdTech,US,2023-04-04,organic,Enterprise,26,False,False,2024-06-30,competitor,88.27,False,False,2.0,False,1,1274,15288,monthly,True,7,2023-08-29,1,0,5.0,3.988765957446809,38.6,51.0,0.0,416,127197,17,26,41,3,2023-04,306.0,10.052562417871222
A-4e960a,Company_277,FinTech,US,2024-01-17,other,Enterprise,12,True,True,,,0.0,0,0,0.0,0,0,228,2736,monthly,True,12,2024-02-07,0,1,6.0,3.9906382978723407,29.166666666666668,83.16666666666667,0.0,512,153943,21,29,47,5,2024-01,,
A-c37cab,Company_278,Cybersecurity,UK,2024-07-29,event,Pro,13,False,False,2024-11-16,competitor,4.03,False,False,2.0,False,1,437,5244,annual,True,12,2024-07-30,1,1,4.0,3.75,33.0,101.25,1.0,708,203309,40,32,68,14,2024-07,109.0,3.5808147174770038
A-533452,Company_279,DevTools,AU,2024-11-12,organic,Pro,9,False,False,2024-12-16,support,147.54999999999998,False,True,4.0,True,1,988,11856,annual,False,11,2024-11-21,1,2,4.0,3.9906382978723407,32.75,35.5,0.0,595,172726,44,32,62,10,2024-11,25.0,0.8212877792378449
A-443b7c,Company_280,Cybersecurity,US,2024-09-06,other,Enterprise,1,False,True,,,0.0,0,0,0.0,0,0,152,1824,annual,True,16,2024-09-16,4,0,8.0,4.2429787234042555,29.25,49.0,0.0,618,195039,29,28,59,8,2024-09,,
A-1f7acb,Company_281,FinTech,UK,2023-08-06,ads,Basic,64,True,False,,,0.0,0,0,0.0,0,0,12736,152832,annual,True,8,2023-09-01,1,3,7.0,4.280364741641337,41.714285714285715,129.57142857142858,0.0,510,164068,47,26,53,7,2023-08,,
A-f51f16,Company_282,HealthTech,US,2023-12-25,partner,Enterprise,1,False,False,2024-12-07,competitor,0.0,True,True,2.0,False,1,38,456,annual,True,8,2024-02-18,2,0,4.0,3.4906382978723407,29.25,91.0,0.0,384,146093,28,25,37,3,2023-12,293.0,9.625492772667542
A-5a3eb9,Company_283,DevTools,CA,2023-08-20,other,Enterprise,18,True,False,2024-06-12,competitor,58.37,True,False,3.0,False,1,882,10584,annual,True,13,2023-09-20,0,2,3.0,3.981276595744681,24.0,83.0,0.0,722,216880,34,34,64,7,2023-08,266.0,8.73850197109067
A-5f2961,Company_284,HealthTech,US,2024-11-22,partner,Basic,4,False,False,2024-11-28,pricing,6.6,False,False,1.0,False,1,304,3648,annual,True,7,2024-11-27,0,0,1.0,3.981276595744681,53.0,19.0,0.0,348,103023,19,22,36,2,2024-11,1.0,0.0328515111695138
A-417d2f,Company_285,Cybersecurity,IN,2023-07-04,partner,Pro,4,True,False,2024-12-30,budget,0.0,False,False,1.0,False,1,1617,19404,monthly,True,16,2023-07-04,1,0,6.0,4.157304964539008,43.5,80.5,0.0,722,206401,31,37,71,8,2023-07,545.0,17.904073587385017
A-e98302,Company_286,EdTech,US,2023-12-26,ads,Enterprise,16,True,False,,,0.0,0,0,0.0,0,0,2842,34104,annual,True,6,2024-01-21,0,0,9.0,4.106950354609929,44.44444444444444,99.44444444444444,0.0,273,88751,18,21,27,3,2023-12,,
A-8bde0c,Company_287,DevTools,US,2024-11-04,organic,Basic,12,False,False,2024-12-30,pricing,0.0,False,False,2.0,False,1,2388,28656,monthly,True,18,2024-11-04,2,0,3.0,3.993758865248227,25.666666666666668,86.33333333333333,0.0,773,240908,43,34,78,6,2024-11,56.0,1.8396846254927726
A-bcf87c,Company_288,FinTech,US,2024-06-27,event,Pro,10,False,True,,,0.0,0,0,0.0,0,0,3383,40596,monthly,True,11,2024-07-22,0,1,2.0,4.0,63.0,49.5,0.0,503,147590,19,26,53,7,2024-06,,
A-54ecc2,Company_289,Cybersecurity,US,2023-06-11,partner,Enterprise,4,False,False,2024-11-23,support,0.0,True,False,3.0,False,1,5572,66864,monthly,True,11,2023-08-16,0,1,5.0,4.388765957446809,37.4,72.0,0.0,607,183498,39,28,54,6,2023-06,465.0,15.275952693823916
A-625d0b,Company_290,EdTech,AU,2024-09-02,ads,Basic,9,False,False,,,0.0,0,0,0.0,0,0,1791,21492,annual,True,11,2024-09-25,0,0,5.0,3.785021276595745,48.4,72.4,0.0,529,141489,38,32,54,6,2024-09,,
A-fce879,Company_291,EdTech,UK,2024-09-24,partner,Pro,10,True,True,2024-12-03,features,0.0,True,False,2.0,False,1,399,4788,annual,True,5,2024-09-28,0,1,2.0,4.0,28.0,61.5,0.0,299,98740,14,25,27,1,2024-09,66.0,2.1681997371879107
A-b07b56,Company_292,DevTools,US,2024-11-08,event,Pro,25,False,True,2024-12-24,budget,0.0,False,False,1.0,False,1,0,0,annual,True,15,2024-11-16,0,0,4.0,3.7359574468085106,31.25,93.75,0.0,633,185462,39,32,60,9,2024-11,38.0,1.2483574244415243
A-6da850,Company_293,FinTech,IN,2023-10-07,organic,Pro,5,False,False,2024-10-25,competitor,0.0,False,False,3.0,False,1,114,1368,annual,True,16,2023-10-08,3,1,5.0,3.9850212765957442,49.0,76.4,0.0,714,186370,54,30,67,8,2023-10,383.0,12.582128777923783
A-342303,Company_294,EdTech,US,2024-03-16,other,Pro,1,True,False,2024-03-20,features,0.0,False,False,1.0,False,1,0,0,annual,True,3,2024-05-03,0,0,3.0,4.3270921985815605,29.333333333333332,71.33333333333333,0.0,141,23149,5,12,15,1,2024-03,-44.0,-1.445466491458607
A-e7a1e2,Company_295,Cybersecurity,US,2024-06-23,event,Enterprise,3,False,False,2024-12-11,features,6.2,True,False,3.0,True,1,8756,105072,annual,True,12,2024-07-19,0,0,1.0,4.0,45.0,37.0,0.0,703,220928,36,36,67,3,2024-06,145.0,4.763469119579501
A-f1f639,Company_296,EdTech,US,2023-02-26,ads,Basic,2,False,False,2024-04-07,budget,0.0,False,False,2.0,True,1,1791,21492,monthly,True,4,2023-07-03,1,0,7.0,4.566079027355623,20.0,67.57142857142857,0.0,139,43097,10,12,13,4,2023-02,279.0,9.165571616294349
A-a865bd,Company_297,Cybersecurity,US,2023-09-19,organic,Pro,38,False,False,2024-03-18,unknown,0.0,False,False,2.0,False,1,2744,32928,monthly,False,5,2024-01-17,0,0,2.0,3.4906382978723407,31.5,21.5,0.0,230,60120,13,19,23,3,2023-09,61.0,2.0039421813403417
A-4e631b,Company_298,FinTech,US,2024-03-16,other,Enterprise,22,False,False,,,0.0,0,0,0.0,0,0,418,5016,annual,True,11,2024-03-18,1,1,2.0,3.9906382978723407,24.5,52.0,0.0,502,154668,29,32,46,4,2024-03,,
A-7f6b86,Company_299,HealthTech,US,2023-08-24,partner,Basic,45,True,True,2024-07-10,pricing,5.27,False,False,1.0,False,1,855,10260,annual,True,9,2023-08-30,3,0,7.0,3.8464437689969606,40.42857142857143,96.57142857142857,0.0,420,144249,14,27,41,3,2023-08,315.0,10.348226018396845
A-8adedc,Company_300,EdTech,US,2024-02-11,event,Basic,4,True,True,,,0.0,0,0,0.0,0,0,3332,39984,annual,True,14,2024-02-22,0,0,4.0,3.985957446808511,49.25,56.75,0.0,583,165997,33,32,60,5,2024-02,,
A-2edab2,Company_301,HealthTech,US,2023-11-17,event,Enterprise,17,False,False,2024-06-23,features,168.73,False,False,2.0,False,1,833,9996,monthly,True,10,2023-11-22,1,0,4.0,3.7359574468085106,30.0,102.25,0.0,487,160804,26,28,44,5,2023-11,214.0,7.030223390275952
A-149a69,Company_302,DevTools,US,2024-10-17,event,Basic,34,False,False,2024-12-04,pricing,0.0,True,False,1.0,False,1,646,7752,monthly,True,3,2024-12-05,0,0,8.0,4.1179787234042555,33.875,120.875,0.0,208,59894,9,18,18,1,2024-10,-1.0,-0.0328515111695138
A-a6d261,Company_303,FinTech,CA,2023-11-29,other,Pro,9,False,False,2024-03-10,unknown,99.94,True,False,1.0,False,1,247,2964,annual,True,14,2023-12-13,3,0,4.0,4.49531914893617,40.0,63.25,1.0,627,189235,29,36,61,6,2023-11,88.0,2.890932982917214
A-443f6f,Company_304,Cybersecurity,US,2024-12-07,organic,Basic,19,False,False,,,0.0,0,0,0.0,0,0,931,11172,monthly,True,9,2024-12-08,1,0,4.0,4.49531914893617,28.0,122.25,0.0,527,158149,28,31,56,4,2024-12,,
A-202b67,Company_305,HealthTech,US,2024-03-22,organic,Pro,11,False,False,2024-09-14,pricing,78.87,False,False,2.0,False,1,5771,69252,monthly,True,9,2024-03-27,1,0,4.0,4.49531914893617,36.75,90.5,0.0,447,110514,40,29,45,5,2024-03,171.0,5.617608409986859
A-00bed1,Company_306,Cybersecurity,US,2023-11-14,ads,Basic,28,True,False,2024-01-03,unknown,21.17,False,False,1.0,False,1,5572,66864,annual,False,10,2023-11-16,3,0,4.0,3.9859574468085106,31.75,106.25,0.0,514,143734,27,32,49,2,2023-11,48.0,1.5768725361366622
A-ffc04f,Company_307,EdTech,US,2024-06-06,ads,Pro,13,False,False,2024-08-03,unknown,0.0,False,False,1.0,False,1,247,2964,monthly,True,15,2024-06-08,0,1,7.0,4.277689969604864,17.714285714285715,58.57142857142857,1.0,857,277347,64,37,83,7,2024-06,56.0,1.8396846254927726
A-65c341,Company_308,FinTech,US,2023-12-26,ads,Pro,11,True,False,2024-12-16,unknown,0.0,False,False,2.0,False,1,1911,22932,monthly,True,8,2024-02-15,0,0,5.0,3.985021276595745,41.4,87.8,0.0,410,147068,18,25,35,4,2023-12,305.0,10.019710906701707
A-dcc2f0,Company_309,FinTech,UK,2023-07-22,organic,Basic,15,False,False,2024-04-10,features,0.0,True,False,1.0,False,1,608,7296,annual,False,15,2023-10-02,2,0,2.0,3.981276595744681,27.0,100.0,0.0,833,243699,26,35,72,8,2023-07,191.0,6.274638633377135
A-ced9aa,Company_310,DevTools,US,2024-10-05,other,Enterprise,3,False,False,,,0.0,0,0,0.0,0,0,147,1764,annual,True,11,2024-10-11,0,0,7.0,3.8410942249240123,28.857142857142858,102.85714285714286,0.0,531,166970,39,33,52,5,2024-10,,
A-3d957b,Company_311,HealthTech,UK,2024-04-04,other,Pro,14,False,False,2024-05-05,budget,0.0,False,False,1.0,False,1,2786,33432,annual,False,6,2024-07-15,3,0,3.0,3.654184397163121,41.333333333333336,79.33333333333333,0.0,143,43699,13,13,15,3,2024-04,-71.0,-2.3324572930354797
A-89ee83,Company_312,Cybersecurity,US,2024-10-04,organic,Pro,1,False,True,,,0.0,0,0,0.0,0,0,3582,42984,monthly,True,11,2024-10-18,3,0,5.0,3.9925106382978726,21.8,66.2,1.0,565,172626,26,28,55,6,2024-10,,
A-883b7d,Company_313,Cybersecurity,IN,2024-03-28,other,Basic,17,False,False,,,0.0,0,0,0.0,0,0,9950,119400,annual,True,12,2024-04-21,0,0,7.0,3.708936170212766,25.571428571428573,62.285714285714285,1.0,644,189514,40,35,62,7,2024-03,,
A-dcc3f1,Company_314,HealthTech,US,2023-12-27,event,Pro,21,False,False,2024-10-10,features,0.0,False,False,2.0,False,1,399,4788,annual,False,8,2023-12-27,0,1,9.0,3.880567375886525,35.666666666666664,83.44444444444444,0.0,500,137958,32,31,47,6,2023-12,288.0,9.461235216819974
A-c62e55,Company_315,EdTech,US,2023-02-08,partner,Basic,1,True,False,,,0.0,0,0,0.0,0,0,686,8232,annual,True,9,2023-11-15,1,0,4.0,3.9953191489361704,27.5,101.25,0.0,337,87045,13,24,32,6,2023-02,,
A-e4144b,Company_316,EdTech,UK,2024-10-22,other,Pro,41,False,False,,,0.0,0,0,0.0,0,0,8159,97908,annual,True,10,2024-11-10,1,0,3.0,3.993758865248227,57.0,172.33333333333334,0.0,439,133397,21,26,43,5,2024-10,,
A-e40f45,Company_317,HealthTech,US,2024-04-18,organic,Pro,21,False,False,2024-11-09,budget,101.23,False,False,1.0,False,1,399,4788,monthly,False,7,2024-05-15,3,0,7.0,4.132158054711247,26.714285714285715,96.28571428571429,0.0,401,122954,26,29,45,5,2024-04,178.0,5.847568988173456
A-96215d,Company_318,FinTech,US,2024-08-08,event,Enterprise,10,False,False,,,0.0,0,0,0.0,0,0,490,5880,annual,False,6,2024-08-17,1,0,1.0,3.0,25.0,115.0,0.0,347,104442,21,20,29,5,2024-08,,
A-2b9d3e,Company_319,EdTech,US,2023-06-04,partner,Enterprise,1,False,False,,,0.0,0,0,0.0,0,0,398,4776,monthly,True,9,2023-09-06,1,0,3.0,4.320851063829788,34.666666666666664,79.33333333333333,0.0,444,142589,19,26,43,5,2023-06,,
A-b7724f,Company_320,HealthTech,UK,2023-03-28,organic,Basic,1,False,False,2024-09-01,competitor,242.55,True,False,3.0,True,1,551,6612,monthly,True,8,2023-06-03,0,0,3.0,3.3270921985815605,28.666666666666668,92.0,0.0,380,93251,16,28,37,2,2023-03,456.0,14.98028909329829
A-310452,Company_321,DevTools,FR,2024-12-25,other,Enterprise,9,False,False,2024-12-27,budget,0.0,True,False,2.0,False,1,171,2052,annual,True,5,2024-12-26,0,0,5.0,3.6,34.2,113.6,0.0,268,65581,16,20,23,4,2024-12,1.0,0.0328515111695138
A-eb1312,Company_322,FinTech,US,2024-09-16,partner,Pro,25,False,False,2024-10-03,unknown,0.0,False,False,2.0,False,1,475,5700,annual,True,12,2024-09-18,1,0,1.0,5.0,68.0,117.0,0.0,663,188047,38,31,60,4,2024-09,15.0,0.49277266754270693
A-df1e44,Company_323,Cybersecurity,UK,2024-02-23,organic,Enterprise,12,False,False,2024-11-20,budget,0.0,False,False,2.0,False,1,588,7056,monthly,True,11,2024-03-08,1,1,2.0,4.490638297872341,53.0,109.5,0.0,420,122432,14,25,42,5,2024-02,257.0,8.442838370565045
A-6a7c9d,Company_324,Cybersecurity,US,2024-10-24,organic,Enterprise,26,False,True,2024-11-21,support,178.84,False,False,2.0,False,1,1274,15288,annual,True,5,2024-11-12,0,0,3.0,3.993758865248227,34.333333333333336,60.0,0.0,189,65006,6,15,19,1,2024-10,9.0,0.2956636005256242
A-cbd1a3,Company_325,DevTools,US,2024-11-25,other,Basic,6,False,True,,,0.0,0,0,0.0,0,0,380,4560,annual,True,10,2024-11-26,2,0,4.0,3.9906382978723407,34.5,81.75,0.0,465,128809,32,29,44,3,2024-11,,
A-a8d89d,Company_326,EdTech,US,2023-12-08,ads,Pro,13,False,False,2024-08-26,pricing,0.0,False,False,2.0,False,1,323,3876,annual,True,12,2023-12-12,2,0,2.0,4.490638297872341,44.5,139.0,0.0,551,170966,26,32,54,5,2023-12,258.0,8.47568988173456
A-600734,Company_327,DevTools,US,2023-11-14,organic,Pro,29,True,True,,,0.0,0,0,0.0,0,0,1764,21168,monthly,True,13,2024-01-13,2,0,7.0,3.8464437689969606,52.57142857142857,89.42857142857143,1.0,660,190076,30,33,67,11,2023-11,,
A-86fc1d,Company_328,DevTools,UK,2024-07-26,partner,Basic,26,False,False,2024-08-12,support,0.0,True,False,1.0,False,1,0,0,monthly,True,9,2024-08-08,3,0,5.0,3.988765957446809,27.0,59.2,0.0,363,111108,26,26,37,3,2024-07,4.0,0.1314060446780552
A-78f02b,Company_329,HealthTech,US,2024-11-17,event,Enterprise,11,False,False,2024-12-09,budget,0.0,False,False,2.0,False,1,539,6468,annual,True,4,2024-11-19,1,0,4.0,3.9953191489361704,45.75,55.0,0.0,211,62349,16,17,20,3,2024-11,20.0,0.657030223390276
A-acb7f7,Company_330,EdTech,US,2024-01-06,ads,Basic,32,False,False,2024-03-21,competitor,0.0,True,False,1.0,False,1,608,7296,annual,True,12,2024-01-07,2,1,3.0,3.660425531914894,41.0,91.0,0.0,612,176628,36,33,59,10,2024-01,74.0,2.431011826544021
A-712f1c,Company_331,DevTools,US,2023-12-16,ads,Basic,17,False,True,2024-10-24,budget,68.99,False,False,1.0,False,1,833,9996,annual,True,12,2024-01-03,2,0,6.0,3.993758865248227,41.666666666666664,88.83333333333333,0.0,631,181302,34,32,67,5,2023-12,295.0,9.69119579500657
A-3793ee,Company_332,Cybersecurity,CA,2023-03-21,organic,Enterprise,49,True,False,2023-06-16,unknown,0.0,False,False,1.0,False,1,9751,117012,monthly,False,7,2023-11-20,1,1,4.0,3.9859574468085106,43.75,100.25,0.0,352,97381,11,25,37,1,2023-03,-157.0,-5.157687253613666
A-9a532a,Company_333,HealthTech,US,2024-07-06,partner,Enterprise,11,False,False,,,0.0,0,0,0.0,0,0,2189,26268,monthly,True,4,2024-08-28,0,0,2.0,3.981276595744681,57.5,128.5,0.0,185,75595,15,16,18,4,2024-07,,
A-2ebb4b,Company_334,HealthTech,US,2023-05-15,ads,Basic,41,False,False,2024-12-29,features,0.0,True,False,3.0,True,1,2009,24108,monthly,True,10,2023-06-04,1,0,2.0,3.0,43.5,136.5,0.0,488,143502,33,27,49,7,2023-05,574.0,18.85676741130092
A-6843f2,Company_335,HealthTech,CA,2024-12-10,ads,Enterprise,21,False,False,,,0.0,0,0,0.0,0,0,1029,12348,annual,True,9,2024-12-11,0,1,2.0,3.0,36.5,78.0,0.0,481,126424,17,24,44,3,2024-12,,
A-c9bb3e,Company_336,EdTech,US,2024-03-24,ads,Pro,5,False,False,2024-10-03,unknown,0.0,False,False,2.0,False,1,190,2280,monthly,True,10,2024-04-01,1,0,7.0,4.137507598784195,27.714285714285715,86.14285714285714,1.0,474,171153,20,27,43,2,2024-03,185.0,6.077529566360052
A-4814a3,Company_337,Cybersecurity,IN,2024-09-17,event,Basic,87,False,True,2024-11-25,pricing,0.0,False,False,1.0,False,1,4263,51156,monthly,True,11,2024-09-27,2,1,4.0,3.9859574468085106,18.75,97.0,1.0,587,168767,45,35,58,7,2024-09,59.0,1.938239159001314
A-b7b7b7,Company_338,FinTech,US,2024-06-30,event,Basic,24,False,True,,,0.0,0,0,0.0,0,0,1176,14112,annual,True,12,2024-07-12,1,0,3.0,4.6604255319148935,17.0,99.0,0.0,571,166390,26,31,54,6,2024-06,,
A-ccc747,Company_339,HealthTech,FR,2024-01-12,event,Pro,16,False,True,2024-09-02,competitor,104.25,True,False,3.0,False,1,304,3648,annual,True,6,2024-05-13,2,0,4.0,4.235957446808511,32.25,83.25,1.0,284,89582,13,23,30,3,2024-01,112.0,3.679369250985545
A-bb3bd4,Company_340,HealthTech,US,2024-01-27,ads,Basic,23,False,False,2024-06-30,unknown,0.0,True,False,2.0,False,1,437,5244,annual,True,7,2024-04-05,2,0,11.0,4.0841005802707935,32.72727272727273,106.36363636363636,0.0,315,93609,11,18,29,1,2024-01,86.0,2.8252299605781865
A-09316c,Company_341,FinTech,AU,2024-09-11,organic,Enterprise,70,False,False,2024-12-05,unknown,0.0,False,False,1.0,False,1,13930,167160,annual,True,11,2024-09-19,2,0,4.0,3.75,54.75,106.25,1.0,566,149461,31,28,54,5,2024-09,77.0,2.5295663600525624
A-96bbc6,Company_342,Cybersecurity,US,2024-05-07,organic,Enterprise,39,False,False,2024-12-21,budget,125.6,True,False,3.0,True,1,741,8892,monthly,True,8,2024-05-23,3,1,3.0,3.3333333333333335,51.333333333333336,67.0,0.0,482,152806,25,30,47,5,2024-05,212.0,6.964520367936925
A-bc4d48,Company_343,EdTech,US,2024-06-12,ads,Pro,35,True,False,,,0.0,0,0,0.0,0,0,665,7980,annual,True,7,2024-06-26,1,0,6.0,4.16354609929078,41.166666666666664,65.83333333333333,1.0,321,89391,9,24,30,1,2024-06,,
A-b30291,Company_344,HealthTech,US,2024-04-05,event,Basic,5,True,True,2024-09-03,competitor,277.54,False,True,1.0,False,1,245,2940,annual,True,10,2024-04-09,0,0,1.0,3.981276595744681,16.0,1.0,0.0,519,161097,31,26,47,8,2024-04,147.0,4.829172141918528
A-cdf020,Company_345,DevTools,AU,2023-08-16,organic,Pro,23,False,False,2024-11-07,support,105.26,False,False,2.0,True,1,2156,25872,monthly,True,8,2023-12-01,2,0,4.0,3.9953191489361704,29.5,39.25,0.0,379,119522,18,25,39,4,2023-08,342.0,11.235216819973719
A-e6afc1,Company_346,DevTools,US,2023-02-24,ads,Pro,1,False,False,,,0.0,0,0,0.0,0,0,0,0,monthly,False,11,2023-05-24,0,0,0.0,,,,0.0,679,196287,30,32,67,6,2023-02,,
A-e3bd71,Company_347,Cybersecurity,US,2023-03-25,partner,Basic,31,False,False,2023-12-30,support,0.0,False,True,1.0,False,1,1519,18228,annual,False,11,2023-04-03,1,1,4.0,3.9906382978723407,30.25,119.0,0.0,638,187024,27,32,60,3,2023-03,271.0,8.902759526938238
A-b179bf,Company_348,Cybersecurity,IN,2024-10-27,ads,Basic,43,False,False,2024-12-05,features,0.0,False,False,3.0,False,1,0,0,annual,True,5,2024-10-27,0,0,6.0,3.9843971631205672,24.666666666666668,94.33333333333333,0.0,398,110855,18,23,37,5,2024-10,39.0,1.281208935611038
A-098560,Company_349,DevTools,UK,2023-10-21,ads,Enterprise,1,False,True,2024-09-04,pricing,34.35,False,False,2.0,False,1,796,9552,monthly,True,11,2023-12-10,1,0,2.0,3.0,28.0,100.0,1.0,567,174302,32,32,54,8,2023-10,269.0,8.83705650459921
A-82861f,Company_350,DevTools,UK,2024-04-25,organic,Basic,41,False,False,2024-05-17,support,0.0,False,False,1.0,False,1,8159,97908,annual,False,10,2024-05-18,0,0,5.0,3.2,24.4,55.0,0.0,462,130873,43,28,48,4,2024-04,-1.0,-0.0328515111695138
A-94c3cd,Company_351,FinTech,CA,2023-09-20,other,Enterprise,32,False,False,,,0.0,0,0,0.0,0,0,6368,76416,monthly,True,6,2024-01-06,0,0,4.0,3.7406382978723407,44.75,116.5,1.0,306,104197,18,18,30,4,2023-09,,
A-a33200,Company_352,HealthTech,US,2024-09-15,partner,Basic,29,False,False,2024-10-07,features,21.61,True,False,1.0,False,1,551,6612,monthly,True,12,2024-09-26,1,0,3.0,4.3270921985815605,36.333333333333336,88.33333333333333,0.0,517,150997,26,33,53,5,2024-09,11.0,0.36136662286465177
A-034368,Company_353,EdTech,US,2023-11-05,event,Enterprise,19,False,False,2024-08-29,features,0.0,True,False,1.0,False,1,4577,54924,monthly,True,5,2023-12-14,0,0,5.0,3.988765957446809,41.2,91.8,0.0,265,80423,25,20,27,4,2023-11,259.0,8.508541392904073
A-b54c01,Company_354,DevTools,US,2024-09-29,event,Enterprise,29,False,False,2024-10-23,budget,0.0,True,False,1.0,False,1,551,6612,annual,False,4,2024-10-07,0,0,5.0,3.588765957446809,42.6,77.2,0.0,226,64973,17,15,21,3,2024-09,16.0,0.5256241787122208
A-d82ef9,Company_355,EdTech,UK,2024-07-02,other,Basic,26,False,True,2024-08-06,budget,74.94,False,False,1.0,False,1,494,5928,monthly,True,14,2024-07-14,1,2,5.0,4.1962553191489365,39.8,91.6,1.0,679,194022,46,32,64,5,2024-07,23.0,0.7555847568988173
A-bb2f49,Company_356,Cybersecurity,US,2023-05-28,other,Pro,8,False,False,,,0.0,0,0,0.0,0,0,1372,16464,monthly,False,11,2023-06-29,2,1,3.0,3.993758865248227,22.333333333333332,102.33333333333333,0.0,618,190070,42,31,60,2,2023-05,,
A-1f559b,Company_357,HealthTech,US,2023-09-04,organic,Enterprise,5,True,True,2024-09-28,features,0.0,False,False,1.0,False,1,190,2280,annual,False,10,2023-12-12,0,1,5.0,4.2,50.4,116.2,0.0,400,117267,27,29,37,4,2023-09,291.0,9.559789750328514
A-5a215a,Company_358,EdTech,FR,2024-01-05,other,Enterprise,87,False,False,,,0.0,0,0,0.0,0,0,4263,51156,annual,True,18,2024-01-31,2,0,4.0,3.9953191489361704,29.5,38.0,0.0,807,271652,71,32,73,8,2024-01,,
A-3f9cc0,Company_359,HealthTech,US,2024-06-03,event,Basic,22,False,False,2024-12-21,budget,0.0,False,False,3.0,True,1,5970,71640,monthly,True,7,2024-06-23,1,2,5.0,4.188765957446809,34.8,112.6,1.0,407,124321,24,25,42,0,2024-06,181.0,5.946123521681997
A-f9cc74,Company_360,DevTools,FR,2024-10-12,partner,Enterprise,30,True,False,,,0.0,0,0,0.0,0,0,0,0,monthly,True,10,2024-10-12,1,0,6.0,3.9968794326241137,49.833333333333336,118.33333333333333,0.0,484,130826,22,30,49,7,2024-10,,
A-ed510f,Company_361,Cybersecurity,IN,2023-01-17,partner,Basic,42,False,False,2023-05-05,budget,0.0,False,False,1.0,False,1,2058,24696,monthly,True,10,2023-03-09,2,0,9.0,3.989598108747045,44.55555555555556,82.55555555555556,0.0,493,160744,28,27,48,5,2023-01,57.0,1.8725361366622864
A-5c9849,Company_362,EdTech,IN,2024-11-03,partner,Basic,19,False,False,2024-11-13,unknown,0.0,False,True,1.0,False,1,931,11172,monthly,False,9,2024-11-10,2,0,4.0,3.981276595744681,59.5,41.0,1.0,473,151483,23,30,44,2,2024-11,3.0,0.09855453350854139
A-a7bd4b,Company_363,Cybersecurity,US,2023-02-15,ads,Enterprise,5,False,False,2024-10-15,features,0.0,False,False,1.0,False,1,342,4104,monthly,True,11,2023-03-19,2,0,6.0,3.493758865248227,36.833333333333336,86.16666666666667,0.0,576,166772,37,29,53,5,2023-02,576.0,18.922470433639948
A-d4ac0e,Company_364,DevTools,UK,2024-04-20,ads,Basic,18,False,False,,,0.0,0,0,0.0,0,0,882,10584,monthly,True,19,2024-05-10,3,0,4.0,3.7406382978723407,21.0,34.0,0.0,793,245619,53,38,76,9,2024-04,,
A-ffdfd5,Company_365,EdTech,US,2024-04-13,organic,Basic,3,False,True,2024-08-08,features,0.0,False,False,1.0,False,1,147,1764,monthly,True,10,2024-04-24,1,0,0.0,,,,0.0,529,139609,28,29,51,4,2024-04,106.0,3.4822601839684624
A-0dbdc6,Company_366,Cybersecurity,DE,2023-02-12,other,Pro,30,False,True,2024-04-14,pricing,175.02,False,True,2.0,False,1,2303,27636,annual,True,9,2023-06-14,0,0,4.0,4.235957446808511,47.0,95.25,0.0,512,155107,31,32,51,6,2023-02,305.0,10.019710906701707
A-7cfe77,Company_367,DevTools,US,2024-07-10,ads,Pro,69,False,False,2024-12-19,features,0.0,False,True,2.0,False,1,1311,15732,annual,True,5,2024-07-30,1,1,7.0,3.706261398176292,30.714285714285715,105.57142857142857,0.0,205,57582,11,16,19,1,2024-07,142.0,4.664914586070959
A-1f0636,Company_368,EdTech,AU,2024-01-01,partner,Pro,105,False,False,,,0.0,0,0,0.0,0,0,20895,250740,annual,False,11,2024-02-27,3,0,2.0,3.5,38.5,75.0,0.0,685,212120,30,32,67,4,2024-01,,
A-40de06,Company_369,Cybersecurity,US,2023-05-08,event,Enterprise,28,False,True,,,0.0,0,0,0.0,0,0,532,6384,annual,True,16,2023-06-03,2,1,3.0,3.9875177304964544,40.333333333333336,67.66666666666667,0.0,902,267400,43,37,84,14,2023-05,,
A-cb5333,Company_370,DevTools,US,2024-03-26,ads,Pro,33,False,False,2024-08-11,features,0.0,False,False,1.0,False,1,1617,19404,monthly,True,16,2024-04-01,0,1,4.0,3.7359574468085106,30.75,85.75,0.0,796,263767,34,36,77,8,2024-03,132.0,4.336399474375821
A-309e54,Company_371,DevTools,US,2024-12-09,other,Pro,15,False,False,2024-12-14,support,106.67,False,False,1.0,False,1,285,3420,annual,True,11,2024-12-13,0,1,5.0,3.785021276595745,23.8,90.2,0.0,509,168199,24,28,50,3,2024-12,1.0,0.0328515111695138
A-6e7827,Company_372,DevTools,US,2023-03-26,other,Basic,1,False,False,2024-04-09,features,0.0,False,False,2.0,False,1,833,9996,annual,True,9,2023-06-11,3,0,2.0,3.5,51.0,83.5,0.0,419,123307,31,24,40,3,2023-03,303.0,9.95400788436268
A-50bb9f,Company_373,Cybersecurity,US,2024-07-12,organic,Pro,2,False,False,2024-09-12,unknown,0.0,False,True,2.0,True,1,2646,31752,annual,True,8,2024-07-22,2,0,7.0,3.989300911854104,33.285714285714285,74.71428571428571,0.0,276,99328,15,18,24,5,2024-07,52.0,1.7082785808147174
A-5fe118,Company_374,Cybersecurity,US,2024-11-07,other,Enterprise,39,False,False,2024-12-16,features,114.86,False,False,1.0,False,1,0,0,monthly,True,5,2024-12-02,0,0,1.0,4.0,19.0,26.0,0.0,233,59902,12,14,21,5,2024-11,14.0,0.45992115637319314
A-5247b3,Company_375,FinTech,UK,2024-03-12,partner,Pro,16,True,False,2024-10-16,pricing,28.84,False,True,2.0,False,1,1406,16872,annual,True,11,2024-03-23,3,0,5.0,3.9925106382978726,45.8,96.6,0.0,610,177212,29,32,57,9,2024-03,207.0,6.800262812089356
A-f44180,Company_376,Cybersecurity,UK,2023-02-13,event,Pro,9,False,False,2023-04-29,competitor,38.15,False,False,1.0,False,1,0,0,annual,False,11,2023-03-25,0,0,2.0,5.0,46.5,123.0,0.0,520,164121,22,27,51,10,2023-02,35.0,1.149802890932983
A-c16cf7,Company_377,EdTech,US,2024-10-16,event,Pro,13,True,False,2024-12-07,support,0.0,True,False,2.0,False,1,665,7980,annual,True,10,2024-10-18,0,0,3.0,3.660425531914894,48.333333333333336,111.66666666666667,0.0,577,144846,26,33,56,8,2024-10,50.0,1.6425755584756898
A-d42431,Company_378,FinTech,FR,2024-06-09,ads,Enterprise,22,True,False,2024-10-12,budget,17.42,True,False,2.0,False,1,4378,52536,annual,True,9,2024-06-11,1,1,4.0,3.9906382978723407,24.25,119.5,0.0,457,133864,34,26,47,6,2024-06,123.0,4.040735873850197
A-6965e1,Company_379,DevTools,US,2024-11-25,organic,Basic,13,False,False,2024-12-09,features,0.0,False,False,3.0,False,1,247,2964,monthly,True,12,2024-12-05,1,1,3.0,3.654184397163121,39.0,128.33333333333334,0.0,627,188154,29,27,56,4,2024-11,4.0,0.1314060446780552
A-0354fe,Company_380,Cybersecurity,US,2024-10-22,other,Basic,34,False,False,2024-11-26,support,0.0,False,True,2.0,False,1,6766,81192,monthly,False,7,2024-11-03,1,0,4.0,3.9906382978723407,20.0,69.25,0.0,463,152435,30,28,44,3,2024-10,23.0,0.7555847568988173
A-0a62f5,Company_381,FinTech,UK,2024-09-11,partner,Pro,16,False,False,2024-12-27,support,156.45,True,True,5.0,False,1,475,5700,monthly,True,4,2024-09-16,0,0,2.0,3.981276595744681,33.5,105.0,0.0,244,74890,7,20,25,2,2024-09,102.0,3.350854139290407
A-f5641b,Company_382,EdTech,US,2024-03-30,other,Pro,31,False,False,2024-06-17,features,0.0,False,False,2.0,False,1,8955,107460,monthly,True,10,2024-04-21,1,1,4.0,3.4906382978723407,47.5,98.0,1.0,438,141649,18,27,39,4,2024-03,57.0,1.8725361366622864
A-b44e3e,Company_383,Cybersecurity,UK,2024-02-12,ads,Basic,40,False,False,2024-04-14,unknown,0.0,False,False,1.0,False,1,7960,95520,annual,True,7,2024-02-28,3,0,3.0,4.333333333333333,40.0,75.33333333333333,0.0,387,114913,13,20,37,4,2024-02,46.0,1.5111695137976346
A-3b37d9,Company_384,FinTech,US,2023-01-27,event,Enterprise,23,False,False,2024-10-13,support,0.0,False,False,2.0,False,1,4577,54924,annual,True,7,2023-04-11,2,0,5.0,4.188765957446809,36.0,89.8,0.0,451,128119,21,26,43,2,2023-01,551.0,18.101182654402102
A-54d94a,Company_385,Cybersecurity,IN,2023-05-01,event,Basic,27,False,False,,,0.0,0,0,0.0,0,0,513,6156,annual,True,11,2023-11-29,1,1,4.0,3.7406382978723407,53.75,82.75,0.0,582,174162,28,30,57,7,2023-05,,
A-7f29a7,Company_386,Cybersecurity,UK,2024-09-18,event,Basic,41,True,False,2024-10-09,unknown,23.97,True,False,1.0,False,1,2009,24108,monthly,True,11,2024-09-26,0,0,1.0,4.0,24.0,5.0,0.0,619,177209,38,32,58,9,2024-09,13.0,0.42706964520367935
A-089363,Company_387,FinTech,AU,2023-05-06,event,Basic,2,False,False,2023-11-27,pricing,0.0,False,False,1.0,False,1,0,0,annual,True,14,2023-06-03,2,0,3.0,3.6666666666666665,35.0,91.33333333333333,0.0,628,196491,33,30,60,9,2023-05,177.0,5.814717477003942
A-524364,Company_388,DevTools,FR,2024-12-31,partner,Enterprise,3,False,False,,,0.0,0,0,0.0,0,0,228,2736,monthly,True,6,2024-12-31,0,0,3.0,4.333333333333333,47.666666666666664,75.33333333333333,0.0,237,72569,24,18,26,2,2024-12,,
A-855a48,Company_389,EdTech,US,2023-12-22,partner,Pro,14,True,False,2024-08-01,unknown,7.92,False,False,1.0,False,1,11940,143280,annual,True,8,2024-01-30,0,1,5.0,3.7925106382978724,39.6,122.0,0.0,448,145908,16,26,43,7,2023-12,184.0,6.044678055190539
A-756192,Company_390,FinTech,IN,2023-06-11,other,Basic,19,False,False,,,0.0,0,0,0.0,0,0,1862,22344,annual,True,10,2023-09-17,1,0,3.0,3.993758865248227,37.333333333333336,102.33333333333333,0.0,617,183585,43,32,61,3,2023-06,,
A-49b828,Company_391,FinTech,IN,2023-05-05,ads,Pro,6,False,False,,,0.0,0,0,0.0,0,0,3980,47760,annual,True,14,2023-05-11,2,0,3.0,3.660425531914894,13.666666666666666,87.66666666666667,1.0,687,187183,45,29,62,10,2023-05,,
A-c7ffc2,Company_392,Cybersecurity,US,2023-01-27,partner,Pro,30,True,False,2023-11-11,features,174.92,False,False,2.0,False,1,931,11172,monthly,False,12,2023-05-25,3,0,2.0,3.4906382978723407,64.0,86.0,0.0,640,200957,28,30,60,6,2023-01,170.0,5.5847568988173455
A-751c58,Company_393,FinTech,UK,2024-07-18,organic,Basic,15,False,False,2024-12-16,budget,64.22,False,False,3.0,True,1,1349,16188,annual,True,11,2024-07-29,4,0,5.0,4.192510638297873,39.6,130.0,0.0,574,179405,12,31,51,3,2024-07,140.0,4.599211563731932
A-72799b,Company_394,DevTools,FR,2023-11-13,event,Enterprise,20,False,True,2024-05-05,pricing,0.0,True,False,1.0,False,1,2989,35868,annual,True,10,2023-11-17,2,1,2.0,4.5,33.5,80.0,1.0,550,154998,34,31,55,10,2023-11,170.0,5.5847568988173455
A-812c5b,Company_395,DevTools,CA,2024-02-25,organic,Basic,55,False,True,2024-05-11,support,11.83,False,False,1.0,False,1,2695,32340,monthly,True,13,2024-04-03,0,0,4.0,3.9906382978723407,27.0,88.25,0.0,866,269595,46,33,84,11,2024-02,38.0,1.2483574244415243
A-69b156,Company_396,EdTech,US,2023-11-21,other,Pro,7,False,True,,,0.0,0,0,0.0,0,0,152,1824,monthly,False,9,2023-12-27,0,2,7.0,3.9919756838905776,32.0,100.57142857142857,0.0,360,102483,20,24,36,2,2023-11,,
A-075038,Company_397,HealthTech,UK,2023-05-12,ads,Basic,17,False,False,2024-09-05,features,6.38,False,False,1.0,False,1,798,9576,monthly,True,14,2023-07-14,1,0,2.0,3.0,43.5,54.0,0.0,743,198728,31,32,69,9,2023-05,419.0,13.764783180026281
A-940b8b,Company_398,HealthTech,DE,2024-03-19,organic,Basic,1,False,False,,,0.0,0,0,0.0,0,0,0,0,annual,True,8,2024-04-01,1,1,3.0,3.993758865248227,41.333333333333336,89.33333333333333,0.0,362,121184,32,23,34,3,2024-03,,
A-2d1036,Company_399,FinTech,US,2024-06-14,ads,Pro,69,False,True,2024-10-28,pricing,39.09,True,False,2.0,True,1,3381,40572,monthly,False,13,2024-07-03,0,1,5.0,4.6,37.8,49.0,1.0,692,181335,40,31,66,10,2024-06,117.0,3.843626806833114
A-0f6450,Company_400,FinTech,US,2024-12-27,other,Pro,28,True,True,2024-12-30,competitor,0.0,False,True,2.0,False,1,5572,66864,monthly,False,11,2024-12-27,0,0,8.0,3.8703191489361704,29.75,81.625,1.0,539,174670,39,31,52,8,2024-12,3.0,0.09855453350854139
A-9affe6,Company_401,Cybersecurity,US,2023-03-22,other,Pro,7,False,False,2024-01-12,features,83.06,False,False,1.0,False,1,1127,13524,monthly,True,11,2023-04-06,2,0,3.0,3.654184397163121,58.0,76.0,0.0,473,144853,16,26,46,3,2023-03,281.0,9.231274638633376
A-80eeb6,Company_402,Cybersecurity,UK,2023-05-09,organic,Enterprise,22,False,False,2024-02-09,budget,0.0,False,False,2.0,False,1,4378,52536,annual,True,16,2023-07-15,4,1,4.0,3.7453191489361704,40.25,68.25,1.0,725,221904,43,38,71,9,2023-05,209.0,6.865965834428383
A-d4e0d4,Company_403,FinTech,US,2024-10-18,other,Basic,117,False,False,,,0.0,0,0,0.0,0,0,23283,279396,annual,True,10,2024-10-18,1,1,4.0,3.9906382978723407,39.25,76.25,0.0,488,144771,33,30,47,6,2024-10,,
A-c7e58b,Company_404,HealthTech,IN,2023-06-25,other,Pro,3,False,False,,,0.0,0,0,0.0,0,0,0,0,monthly,True,7,2023-08-30,0,0,5.0,3.5962553191489364,30.6,98.4,0.0,343,105853,18,22,33,1,2023-06,,
A-016043,Company_405,EdTech,CA,2024-07-31,organic,Basic,4,True,False,2024-08-11,competitor,84.75,False,False,1.0,False,1,494,5928,monthly,False,11,2024-08-02,3,0,3.0,3.9875177304964544,30.333333333333332,78.0,0.0,490,132075,21,26,46,3,2024-07,9.0,0.2956636005256242
A-bbe56f,Company_406,HealthTech,US,2023-02-16,ads,Enterprise,21,False,False,,,0.0,0,0,0.0,0,0,418,5016,annual,True,5,2023-08-29,1,0,4.0,3.9953191489361704,26.25,120.5,0.0,232,60604,8,13,22,4,2023-02,,
A-7c5768,Company_407,HealthTech,UK,2024-03-02,event,Enterprise,3,False,False,,,0.0,0,0,0.0,0,0,0,0,monthly,True,9,2024-03-05,0,0,5.0,3.9925106382978726,28.8,96.4,0.0,461,142276,31,27,45,4,2024-03,,
A-751bd4,Company_408,Cybersecurity,UK,2024-07-12,partner,Pro,10,False,False,2024-09-22,budget,0.0,False,False,1.0,False,1,0,0,annual,True,2,2024-09-18,0,0,6.0,4.1604255319148935,23.166666666666668,112.0,1.0,92,32629,0,9,10,0,2024-07,4.0,0.1314060446780552
A-4e0e85,Company_409,DevTools,US,2023-09-08,organic,Enterprise,6,False,False,2024-03-14,pricing,0.0,False,True,2.0,False,1,0,0,annual,True,8,2024-02-16,1,0,2.0,4.490638297872341,53.0,119.5,0.0,288,80419,9,20,31,2,2023-09,27.0,0.8869908015768725
A-ad3abd,Company_410,FinTech,US,2023-03-03,event,Pro,44,False,False,2023-07-12,competitor,0.0,False,False,1.0,False,1,2156,25872,monthly,True,7,2023-03-18,0,0,3.0,3.3270921985815605,13.0,70.33333333333333,0.0,296,94866,11,20,27,1,2023-03,116.0,3.8107752956636003
A-e19ff6,Company_411,Cybersecurity,UK,2023-07-28,partner,Enterprise,1,False,False,2024-06-27,competitor,0.0,False,True,3.0,False,1,1274,15288,monthly,False,12,2023-08-09,1,0,3.0,4.666666666666667,30.666666666666668,115.0,0.0,456,144844,24,26,45,1,2023-07,323.0,10.611038107752956
A-7920cc,Company_412,Cybersecurity,FR,2023-11-23,ads,Pro,39,False,False,,,0.0,0,0,0.0,0,0,13731,164772,annual,True,16,2023-11-27,1,0,7.0,4.132158054711247,32.857142857142854,113.42857142857143,0.0,601,177512,28,32,59,4,2023-11,,
A-5a92e7,Company_413,HealthTech,US,2024-06-11,ads,Pro,4,False,False,2024-11-11,budget,0.0,True,False,2.0,False,1,0,0,monthly,True,19,2024-06-13,0,0,7.0,4.280364741641337,45.0,86.14285714285714,0.0,885,276337,76,37,83,8,2024-06,151.0,4.9605781865965834
A-fdfc91,Company_414,Cybersecurity,US,2023-05-06,ads,Basic,29,False,False,,,0.0,0,0,0.0,0,0,2109,25308,monthly,True,10,2023-07-30,1,0,5.0,3.7925106382978724,28.8,121.0,0.0,564,158143,29,32,56,1,2023-05,,
A-1e50e0,Company_415,Cybersecurity,DE,2023-02-21,other,Pro,19,True,True,2024-04-26,pricing,54.94,False,False,2.0,False,1,3781,45372,annual,True,5,2023-03-23,1,0,2.0,4.490638297872341,20.5,143.0,1.0,194,62650,15,17,19,2,2023-02,400.0,13.140604467805518
A-1e1b80,Company_416,FinTech,CA,2023-09-12,other,Enterprise,50,False,False,2024-11-13,features,0.0,False,False,3.0,False,1,950,11400,annual,True,12,2023-10-11,1,0,6.0,3.3302127659574468,43.0,67.5,0.0,682,209315,47,34,67,2,2023-09,399.0,13.107752956636006
A-659280,Company_417,FinTech,IN,2023-11-17,event,Enterprise,13,True,True,2024-11-22,pricing,27.75,False,False,2.0,False,1,0,0,annual,False,12,2023-11-25,2,0,4.0,4.24531914893617,8.0,123.75,0.0,613,186122,34,30,55,6,2023-11,363.0,11.925098554533507
A-f6b2fb,Company_418,DevTools,AU,2024-04-23,event,Basic,23,False,False,2024-07-11,support,0.0,True,False,1.0,False,1,437,5244,monthly,False,10,2024-05-23,1,1,5.0,3.9925106382978726,55.0,88.6,1.0,524,158412,37,29,53,8,2024-04,49.0,1.609724047306176
A-cb6cc6,Company_419,DevTools,US,2023-04-03,ads,Basic,13,True,False,,,0.0,0,0,0.0,0,0,1225,14700,monthly,True,7,2023-04-20,2,0,3.0,3.660425531914894,16.333333333333332,131.66666666666666,0.0,314,101719,26,21,34,0,2023-04,,
A-d62e02,Company_420,Cybersecurity,US,2024-08-20,partner,Pro,6,False,False,,,0.0,0,0,0.0,0,0,1194,14328,monthly,False,10,2024-09-03,1,1,1.0,4.0,36.0,31.0,0.0,344,126757,23,25,33,4,2024-08,,
A-d535f6,Company_421,DevTools,US,2024-09-03,organic,Basic,12,True,True,2024-11-26,features,0.0,True,False,2.0,False,1,0,0,monthly,True,9,2024-09-21,1,3,0.0,,,,0.0,477,146053,29,26,45,4,2024-09,66.0,2.1681997371879107
A-39868b,Company_422,FinTech,AU,2024-03-17,partner,Pro,9,False,False,2024-05-24,budget,0.0,True,False,2.0,True,1,0,0,annual,False,5,2024-04-25,1,0,6.0,4.1604255319148935,39.0,100.83333333333333,0.0,305,106292,21,22,28,5,2024-03,29.0,0.9526938239159001
A-3cc791,Company_423,EdTech,US,2024-01-10,other,Enterprise,6,False,False,2024-10-09,features,0.0,False,False,1.0,True,1,1764,21168,monthly,True,8,2024-01-31,0,0,6.0,4.1604255319148935,48.333333333333336,95.83333333333333,1.0,447,149032,30,28,44,5,2024-01,252.0,8.278580814717477
A-337bc1,Company_424,Cybersecurity,US,2023-07-19,organic,Pro,30,True,False,2023-12-16,unknown,0.0,False,False,2.0,False,1,0,0,annual,True,7,2023-08-02,2,2,4.0,3.9953191489361704,32.5,62.75,1.0,425,141115,34,27,41,4,2023-07,136.0,4.467805519053877
A-58b9ff,Company_425,DevTools,IN,2024-05-31,partner,Enterprise,2,False,False,2024-10-10,pricing,0.0,False,False,1.0,False,1,1617,19404,monthly,True,13,2024-06-17,1,1,2.0,3.9906382978723407,66.0,79.0,1.0,667,200727,32,28,65,7,2024-05,115.0,3.7779237844940865
A-bf7919,Company_426,HealthTech,US,2024-11-27,organic,Pro,3,False,False,2024-12-17,features,0.0,False,True,2.0,False,1,0,0,annual,False,6,2024-12-07,0,0,2.0,4.490638297872341,14.5,81.5,0.0,262,77458,14,23,26,4,2024-11,10.0,0.328515111695138
A-1d5444,Company_427,Cybersecurity,US,2024-01-18,partner,Basic,24,False,True,2024-06-01,support,0.0,False,False,1.0,False,1,0,0,annual,False,14,2024-03-19,2,0,2.0,3.9906382978723407,30.0,62.5,0.0,592,182031,35,28,57,6,2024-01,74.0,2.431011826544021
A-0f3e88,Company_428,HealthTech,US,2023-07-23,other,Basic,7,False,True,2024-08-11,budget,0.0,False,False,1.0,False,1,343,4116,monthly,False,11,2023-08-05,2,0,3.0,4.3270921985815605,48.0,67.0,0.0,598,176630,28,32,58,6,2023-07,372.0,12.220762155059132
A-7641d3,Company_429,EdTech,US,2023-02-16,partner,Pro,8,True,True,2024-06-07,unknown,131.39999999999998,True,False,2.0,False,1,190,2280,annual,True,11,2023-04-12,0,1,5.0,4.192510638297873,45.2,124.6,2.0,519,164755,26,28,48,4,2023-02,422.0,13.863337713534822
A-cd458b,Company_430,DevTools,US,2024-06-15,other,Basic,10,True,False,2024-11-07,budget,0.0,False,False,1.0,False,1,1990,23880,monthly,True,15,2024-07-12,0,1,5.0,4.6,38.4,81.2,0.0,864,266624,45,34,81,2,2024-06,118.0,3.876478318002628
A-c16b88,Company_431,HealthTech,US,2023-12-02,event,Enterprise,23,False,False,2024-06-01,competitor,0.0,True,False,1.0,False,1,4577,54924,annual,False,9,2024-03-08,2,0,3.0,3.654184397163121,48.333333333333336,137.66666666666666,0.0,457,154959,24,28,48,6,2023-12,85.0,2.7923784494086727
A-59f724,Company_432,HealthTech,US,2023-11-03,other,Enterprise,3,True,False,,,0.0,0,0,0.0,0,0,342,4104,monthly,True,12,2024-01-01,2,0,4.0,4.25,19.25,94.5,0.0,696,221691,47,33,62,6,2023-11,,
A-87aa7b,Company_433,HealthTech,US,2024-05-16,organic,Pro,24,True,False,2024-12-26,budget,136.0,True,True,3.0,False,1,2499,29988,monthly,True,16,2024-05-22,4,2,3.0,3.981276595744681,27.333333333333332,72.66666666666667,1.0,742,210545,35,31,68,6,2024-05,218.0,7.1616294349540075
A-1e6fc3,Company_434,EdTech,FR,2023-12-06,other,Pro,1,False,False,2024-03-20,pricing,0.0,False,False,1.0,False,1,199,2388,annual,True,4,2024-01-11,0,0,5.0,3.7925106382978724,23.8,88.6,0.0,244,85274,19,19,26,1,2023-12,69.0,2.266754270696452
A-39ddf4,Company_435,EdTech,US,2024-12-05,partner,Enterprise,40,False,False,2024-12-13,support,0.0,False,False,1.0,False,1,7960,95520,monthly,True,9,2024-12-07,0,0,5.0,4.1962553191489365,23.0,76.2,0.0,455,139654,36,27,46,6,2024-12,6.0,0.19710906701708278
A-34ea2f,Company_436,HealthTech,US,2024-08-15,organic,Enterprise,8,False,True,2024-10-19,unknown,1.85,True,False,2.0,False,1,3184,38208,annual,False,12,2024-09-05,3,0,8.0,3.8679787234042555,35.25,65.625,0.0,550,175157,30,29,56,3,2024-08,44.0,1.445466491458607
A-716841,Company_437,FinTech,US,2024-05-06,other,Pro,45,False,False,2024-11-13,unknown,0.0,False,False,1.0,False,1,8955,107460,monthly,True,8,2024-05-13,0,0,5.0,3.9925106382978726,29.8,112.8,0.0,344,111161,13,26,32,1,2024-05,184.0,6.044678055190539
A-558c72,Company_438,FinTech,US,2023-06-01,organic,Basic,12,False,False,2024-11-28,support,43.01,False,False,1.0,False,1,735,8820,annual,True,7,2023-06-12,1,0,4.0,4.240638297872341,64.25,79.25,1.0,296,83537,16,19,29,4,2023-06,535.0,17.57555847568988
A-b11cd0,Company_439,DevTools,US,2023-01-20,ads,Pro,26,True,True,,,0.0,0,0,0.0,0,0,1274,15288,annual,True,6,2023-02-16,0,0,4.0,3.9906382978723407,38.5,140.75,0.0,278,85711,16,21,28,1,2023-01,,
A-cc1d8d,Company_440,FinTech,US,2024-12-08,other,Pro,5,False,False,2024-12-19,unknown,217.22,False,False,2.0,False,1,1194,14328,annual,True,13,2024-12-08,1,1,5.0,4.188765957446809,30.2,99.2,0.0,618,204365,48,33,58,11,2024-12,11.0,0.36136662286465177
A-7f4db3,Company_441,FinTech,US,2023-03-05,other,Pro,4,False,False,2023-03-21,support,0.0,True,False,1.0,False,1,4776,57312,annual,True,15,2023-03-11,0,1,5.0,3.396255319148936,16.6,91.4,1.0,844,278000,46,36,88,6,2023-03,10.0,0.328515111695138
A-db5e9e,Company_442,DevTools,US,2024-11-09,partner,Basic,4,False,False,2024-12-29,pricing,0.0,False,False,1.0,False,1,3383,40596,annual,True,8,2024-11-12,0,1,2.0,5.0,66.0,97.5,0.0,586,170855,27,29,54,7,2024-11,47.0,1.5440210249671484
A-cc102e,Company_443,HealthTech,US,2024-04-15,partner,Enterprise,13,False,False,2024-11-19,pricing,111.16,False,False,3.0,False,1,247,2964,annual,True,10,2024-05-06,1,0,4.0,4.24531914893617,33.25,109.0,0.0,394,121564,39,26,43,5,2024-04,197.0,6.471747700394218
A-82d8a6,Company_444,Cybersecurity,UK,2024-11-28,ads,Basic,5,False,False,2024-12-29,features,0.0,False,False,1.0,False,1,245,2940,annual,True,17,2024-12-03,5,2,5.0,3.7887659574468087,42.2,112.0,0.0,661,198538,38,32,69,9,2024-11,26.0,0.8541392904073587
A-dec005,Company_445,HealthTech,US,2023-10-13,partner,Pro,21,False,False,2024-11-23,support,0.0,False,False,1.0,False,1,10746,128952,annual,False,10,2023-10-17,1,0,2.0,3.4906382978723407,59.0,152.0,0.0,475,145213,44,31,50,6,2023-10,403.0,13.23915900131406
A-5790f4,Company_446,FinTech,UK,2024-12-22,event,Pro,1,True,False,2024-12-31,competitor,444.1,True,False,3.0,False,1,627,7524,monthly,False,6,2024-12-22,0,0,4.0,3.9859574468085106,44.0,57.25,1.0,321,95888,26,25,35,2,2024-12,9.0,0.2956636005256242
A-7c83a1,Company_447,Cybersecurity,US,2024-05-06,partner,Pro,12,False,False,2024-05-19,unknown,0.0,True,False,1.0,False,1,1176,14112,monthly,True,12,2024-05-14,0,1,4.0,4.0,42.0,86.25,0.0,632,203509,23,29,61,4,2024-05,5.0,0.164257555847569
A-297a2d,Company_448,HealthTech,UK,2023-05-05,event,Pro,27,False,False,,,0.0,0,0,0.0,0,0,5373,64476,annual,True,5,2023-08-15,3,0,2.0,3.4906382978723407,32.5,84.5,0.0,244,70412,22,23,24,6,2023-05,,
A-4c56c9,Company_449,FinTech,US,2023-12-20,partner,Enterprise,9,False,True,2024-04-05,budget,44.23,True,False,1.0,False,1,342,4104,annual,True,13,2024-05-13,0,0,5.0,3.796255319148936,38.6,68.2,0.0,623,195927,38,34,61,7,2023-12,-38.0,-1.2483574244415243
A-cbbe12,Company_450,Cybersecurity,DE,2023-03-22,partner,Enterprise,40,False,False,,,0.0,0,0,0.0,0,0,7960,95520,monthly,True,6,2023-07-21,1,1,6.0,4.1604255319148935,38.0,74.5,0.0,178,49983,10,14,21,0,2023-03,,
A-4a267b,Company_451,FinTech,US,2024-05-05,other,Pro,25,False,False,2024-06-17,support,64.54,False,False,1.0,False,1,0,0,annual,True,10,2024-05-09,1,1,4.0,4.24531914893617,16.25,105.0,0.0,498,150984,22,31,49,7,2024-05,39.0,1.281208935611038
A-bcbe98,Company_452,Cybersecurity,US,2024-07-29,other,Enterprise,46,False,False,2024-11-25,competitor,0.0,False,False,1.0,False,1,874,10488,monthly,True,11,2024-07-29,2,1,7.0,3.989300911854104,38.285714285714285,61.57142857142857,1.0,635,173619,43,34,59,12,2024-07,119.0,3.9093298291721417
A-427b69,Company_453,FinTech,US,2024-08-23,other,Basic,17,False,False,,,0.0,0,0,0.0,0,0,323,3876,monthly,False,10,2024-09-07,0,0,2.0,3.4906382978723407,31.5,109.5,0.0,698,215804,36,32,67,11,2024-08,,
A-0be015,Company_454,FinTech,US,2024-10-15,event,Pro,19,False,False,2024-12-13,unknown,74.68,False,False,1.0,False,1,0,0,monthly,False,5,2024-10-21,0,0,7.0,4.137507598784195,40.285714285714285,84.85714285714286,1.0,297,88205,13,19,28,3,2024-10,53.0,1.7411300919842312
A-054577,Company_455,EdTech,UK,2024-04-28,ads,Basic,2,False,False,,,0.0,0,0,0.0,0,0,392,4704,monthly,True,16,2024-05-03,1,1,1.0,4.0,46.0,70.0,0.0,833,219747,52,36,83,10,2024-04,,
A-bc87bc,Company_456,FinTech,US,2024-07-17,event,Pro,3,False,False,,,0.0,0,0,0.0,0,0,152,1824,monthly,True,8,2024-09-11,0,0,7.0,3.8491185410334348,40.57142857142857,112.0,0.0,394,135160,14,24,36,3,2024-07,,
A-0f7d77,Company_457,FinTech,IN,2024-10-28,partner,Pro,3,False,False,2024-11-09,competitor,0.0,False,False,1.0,True,1,133,1596,annual,True,6,2024-11-11,0,0,5.0,4.388765957446809,27.2,74.6,0.0,298,93933,19,23,30,1,2024-10,-2.0,-0.0657030223390276
A-e7beab,Company_458,EdTech,DE,2023-10-20,organic,Enterprise,5,False,False,2024-04-25,features,0.0,False,True,1.0,False,1,245,2940,monthly,True,7,2023-10-23,0,0,6.0,3.993758865248227,36.666666666666664,124.66666666666667,0.0,373,131074,17,22,35,2,2023-10,185.0,6.077529566360052
A-a09355,Company_459,FinTech,US,2024-08-10,organic,Basic,14,False,False,2024-10-18,support,135.11,True,False,2.0,False,1,686,8232,monthly,True,16,2024-08-22,0,1,5.0,3.9925106382978726,32.6,66.6,0.0,788,217064,47,33,70,8,2024-08,57.0,1.8725361366622864
A-31ab9a,Company_460,FinTech,DE,2024-03-03,organic,Pro,3,False,False,2024-09-23,competitor,0.0,False,False,2.0,True,1,2786,33432,monthly,True,7,2024-03-23,0,0,7.0,3.706261398176292,43.142857142857146,67.71428571428571,0.0,340,129917,23,19,34,4,2024-03,184.0,6.044678055190539
A-0158bb,Company_461,FinTech,DE,2024-05-22,partner,Basic,5,False,False,,,0.0,0,0,0.0,0,0,2205,26460,annual,True,6,2024-05-30,1,0,1.0,3.0,32.0,50.0,0.0,364,122051,22,19,35,3,2024-05,,
A-f19b24,Company_462,Cybersecurity,US,2023-01-10,organic,Pro,29,True,False,,,0.0,0,0,0.0,0,0,551,6612,monthly,True,3,2024-03-17,0,0,2.0,3.9906382978723407,35.5,74.0,1.0,119,46012,10,12,12,0,2023-01,,
A-798a3f,Company_463,DevTools,FR,2023-10-19,other,Enterprise,12,False,True,2024-07-19,support,0.0,False,False,1.0,False,1,2587,31044,monthly,False,9,2023-12-25,1,0,5.0,3.9925106382978726,33.0,45.2,0.0,352,105146,19,19,34,3,2023-10,207.0,6.800262812089356
A-42b791,Company_464,FinTech,AU,2024-05-20,event,Pro,3,False,False,,,0.0,0,0,0.0,0,0,380,4560,monthly,False,7,2024-06-11,0,0,3.0,3.993758865248227,33.666666666666664,72.0,0.0,312,84693,6,19,32,2,2024-05,,
A-068fc6,Company_465,EdTech,US,2023-07-17,event,Enterprise,35,False,False,,,0.0,0,0,0.0,0,0,6965,83580,monthly,True,10,2023-10-28,1,0,5.0,4.192510638297873,38.8,121.4,0.0,598,189037,29,32,57,5,2023-07,,
A-6f50ae,Company_466,FinTech,US,2023-09-21,partner,Pro,19,False,True,2024-02-26,features,0.0,False,False,2.0,True,1,3781,45372,monthly,True,14,2023-11-11,0,1,5.0,4.396255319148937,31.0,87.4,0.0,811,240012,48,35,76,5,2023-09,107.0,3.515111695137976
A-a2485e,Company_467,FinTech,US,2024-08-04,event,Pro,3,True,False,,,0.0,0,0,0.0,0,0,3383,40596,annual,True,6,2024-08-08,0,1,0.0,,,,0.0,317,102647,13,22,28,5,2024-08,,
A-bb1eaa,Company_468,Cybersecurity,US,2024-06-11,organic,Basic,21,False,False,2024-08-15,pricing,0.0,False,True,1.0,False,1,1225,14700,annual,True,5,2024-06-30,0,1,6.0,4.15418439716312,23.5,92.33333333333333,0.0,164,45337,7,15,17,2,2024-06,46.0,1.5111695137976346
A-cc98bc,Company_469,DevTools,US,2023-05-24,ads,Basic,32,False,False,,,0.0,0,0,0.0,0,0,0,0,monthly,True,10,2023-05-27,1,0,3.0,3.9875177304964544,4.666666666666667,122.33333333333333,0.0,551,160470,24,29,48,3,2023-05,,
A-d77f4c,Company_470,DevTools,US,2023-09-25,partner,Pro,4,True,False,2024-12-03,unknown,0.0,False,True,3.0,False,1,196,2352,annual,True,14,2023-10-24,4,1,2.0,4.0,31.0,75.0,0.0,617,182046,32,31,62,6,2023-09,406.0,13.337713534822601
A-ccabf0,Company_471,HealthTech,IN,2023-11-06,organic,Pro,1,False,False,2024-10-31,features,0.0,True,False,2.0,False,1,0,0,annual,True,10,2023-11-07,0,1,4.0,3.7453191489361704,46.25,89.75,0.0,506,169088,29,31,50,8,2023-11,359.0,11.793692509855452
A-700ade,Company_472,Cybersecurity,UK,2024-10-31,organic,Enterprise,1,True,False,,,0.0,0,0,0.0,0,0,950,11400,monthly,False,8,2024-11-07,0,0,4.0,4.49531914893617,30.25,53.5,0.0,284,85381,18,20,29,2,2024-10,,
A-4a4c2d,Company_473,DevTools,US,2023-05-02,event,Enterprise,54,False,False,,,0.0,0,0,0.0,0,0,2646,31752,monthly,True,13,2023-07-03,1,1,5.0,4.1962553191489365,42.0,104.0,0.0,587,164208,37,28,58,1,2023-05,,
A-b7ef83,Company_474,Cybersecurity,UK,2024-05-29,partner,Pro,1,True,False,2024-07-24,budget,60.25,True,False,2.0,True,1,588,7056,monthly,False,15,2024-06-12,2,0,2.0,3.9906382978723407,47.5,79.0,0.0,738,216777,39,34,67,8,2024-05,42.0,1.3797634691195795
A-e08cd3,Company_475,FinTech,US,2024-09-21,ads,Pro,67,True,False,2024-12-17,features,0.0,False,False,2.0,False,1,1273,15276,annual,True,11,2024-09-30,0,1,8.0,3.9906382978723407,30.375,93.0,0.0,432,138064,21,30,43,7,2024-09,78.0,2.562417871222076
A-19b2c8,Company_476,DevTools,IN,2023-06-06,other,Pro,20,False,False,2024-08-16,pricing,0.0,False,False,1.0,False,1,3980,47760,monthly,True,13,2023-06-19,1,0,3.0,4.666666666666667,29.333333333333332,90.0,0.0,601,188401,34,31,62,4,2023-06,424.0,13.92904073587385
A-970c97,Company_477,HealthTech,DE,2024-03-01,other,Enterprise,14,False,False,,,0.0,0,0,0.0,0,0,931,11172,annual,True,8,2024-03-06,0,1,1.0,5.0,61.0,139.0,0.0,444,133732,24,26,43,2,2024-03,,
A-6dee43,Company_478,FinTech,UK,2023-08-12,other,Basic,3,True,False,2024-01-14,pricing,143.8,False,False,1.0,False,1,0,0,annual,True,11,2023-10-22,1,0,5.0,4.192510638297873,44.2,48.8,0.0,461,142536,11,28,48,2,2023-08,84.0,2.759526938239159
A-5ed98d,Company_479,DevTools,US,2024-06-22,partner,Basic,24,False,False,2024-10-02,competitor,0.0,False,True,2.0,False,1,0,0,annual,True,8,2024-06-28,1,0,5.0,4.185021276595745,35.8,91.8,0.0,312,90314,18,23,31,2,2024-06,96.0,3.1537450722733245
A-c58f49,Company_480,EdTech,US,2024-07-31,other,Enterprise,70,True,False,2024-09-21,support,159.96,True,True,3.0,False,1,13930,167160,annual,True,7,2024-08-10,1,0,3.0,4.320851063829788,36.333333333333336,60.0,1.0,363,108540,22,24,36,3,2024-07,42.0,1.3797634691195795
A-9c18c4,Company_481,HealthTech,US,2023-07-27,ads,Pro,11,False,True,,,0.0,0,0,0.0,0,0,2189,26268,monthly,True,10,2023-08-09,3,0,4.0,3.9906382978723407,42.25,130.25,0.0,556,178453,37,30,53,4,2023-07,,
A-cc8c8f,Company_482,DevTools,US,2024-06-16,ads,Enterprise,23,False,False,2024-09-12,budget,0.0,True,False,1.0,False,1,0,0,annual,True,7,2024-06-21,1,1,2.0,3.5,14.5,123.0,0.0,268,66983,18,20,28,1,2024-06,83.0,2.726675427069645
A-5f7781,Company_483,DevTools,US,2024-08-20,other,Pro,22,False,False,2024-12-25,pricing,0.0,False,False,1.0,False,1,1078,12936,annual,True,5,2024-08-27,1,0,2.0,3.9906382978723407,28.5,42.0,0.0,183,69505,10,16,18,2,2024-08,120.0,3.9421813403416555
A-e1b9cd,Company_484,DevTools,US,2023-02-26,event,Pro,40,False,True,2024-10-01,unknown,0.0,False,False,1.0,False,1,1960,23520,monthly,True,15,2023-03-21,0,3,1.0,3.0,35.0,115.0,0.0,840,243616,47,34,80,9,2023-02,560.0,18.396846254927727
A-ac85cd,Company_485,EdTech,US,2024-07-31,partner,Enterprise,53,False,False,2024-12-13,pricing,186.32999999999998,False,False,2.0,True,1,4165,49980,annual,True,12,2024-08-02,1,2,3.0,3.660425531914894,33.666666666666664,76.33333333333333,0.0,634,176002,29,30,59,5,2024-07,133.0,4.369250985545335
A-d792a6,Company_486,DevTools,US,2023-01-23,organic,Enterprise,4,False,False,2024-08-13,support,0.0,False,False,2.0,False,1,12935,155220,annual,True,15,2023-02-06,1,1,5.0,3.988765957446809,40.6,97.8,0.0,690,203395,40,32,64,7,2023-01,554.0,18.199737187910642
A-ac9111,Company_487,HealthTech,US,2023-08-12,event,Pro,21,True,False,2024-06-25,budget,0.0,True,False,1.0,False,1,4179,50148,monthly,True,16,2023-09-06,0,1,3.0,4.320851063829788,24.666666666666668,89.66666666666667,0.0,808,254330,46,36,77,10,2023-08,293.0,9.625492772667542
A-18793f,Company_488,EdTech,US,2024-12-18,organic,Basic,148,True,False,2024-12-30,support,25.41,True,False,1.0,False,1,0,0,monthly,True,11,2024-12-19,1,0,5.0,3.8,45.2,101.6,0.0,486,168310,20,30,46,4,2024-12,11.0,0.36136662286465177
A-9f0b68,Company_489,EdTech,US,2024-04-28,ads,Basic,10,False,False,2024-11-01,pricing,0.0,True,False,2.0,False,1,0,0,annual,True,12,2024-05-17,2,1,3.0,3.654184397163121,30.333333333333332,96.33333333333333,0.0,709,194123,33,36,67,12,2024-04,168.0,5.519053876478318
A-d3c88e,Company_490,DevTools,US,2024-10-18,event,Pro,16,False,False,2024-11-18,support,0.0,False,False,1.0,False,1,3184,38208,monthly,True,13,2024-10-23,3,0,3.0,3.9875177304964544,58.0,48.0,0.0,644,204483,48,33,63,11,2024-10,26.0,0.8541392904073587
A-ccb686,Company_491,DevTools,US,2024-01-22,other,Basic,10,False,False,2024-11-24,competitor,25.92,True,False,3.0,False,1,209,2508,annual,True,12,2024-02-02,4,1,1.0,4.0,67.0,30.0,0.0,721,203848,46,35,66,8,2024-01,296.0,9.724047306176084
A-118f1c,Company_492,Cybersecurity,US,2024-10-31,other,Pro,32,False,False,2024-12-17,budget,0.0,False,False,1.0,False,1,6368,76416,annual,False,8,2024-10-31,0,0,1.0,3.0,64.0,141.0,0.0,369,96816,14,22,36,2,2024-10,47.0,1.5440210249671484
A-0e966d,Company_493,FinTech,IN,2024-06-25,ads,Basic,11,False,True,,,0.0,0,0,0.0,0,0,209,2508,annual,True,11,2024-06-30,0,0,3.0,4.3270921985815605,31.666666666666668,95.33333333333333,1.0,636,197685,34,31,62,11,2024-06,,
A-b9f5b1,Company_494,Cybersecurity,US,2023-01-24,other,Pro,15,True,False,2023-07-21,features,0.0,False,False,1.0,False,1,2985,35820,annual,True,7,2023-03-12,0,0,6.0,3.3333333333333335,31.833333333333332,75.66666666666667,1.0,307,90576,12,21,30,3,2023-01,131.0,4.303547963206308
A-8ae3fc,Company_495,DevTools,CA,2024-06-28,ads,Pro,9,False,False,2024-08-10,budget,0.0,False,False,1.0,False,1,380,4560,monthly,True,8,2024-07-17,0,0,4.0,3.7406382978723407,39.5,65.5,0.0,402,130242,30,26,39,5,2024-06,24.0,0.7884362680683311
A-55f257,Company_496,FinTech,US,2023-12-21,organic,Basic,9,False,False,,,0.0,0,0,0.0,0,0,4179,50148,monthly,False,10,2024-01-12,3,0,6.0,4.6604255319148935,43.166666666666664,114.5,0.0,476,145972,25,31,50,6,2023-12,,
A-d26ab4,Company_497,DevTools,UK,2024-11-07,organic,Basic,9,False,True,2024-12-26,pricing,86.02,False,False,1.0,False,1,6567,78804,monthly,True,9,2024-11-08,0,1,2.0,3.9906382978723407,49.5,110.0,0.0,458,121379,24,24,43,3,2024-11,48.0,1.5768725361366622
A-712533,Company_498,EdTech,US,2023-07-31,organic,Pro,18,False,False,2024-07-18,unknown,0.0,True,False,1.0,False,1,882,10584,monthly,False,12,2023-08-13,1,0,5.0,3.796255319148936,37.4,97.2,0.0,571,180056,35,32,55,4,2023-07,340.0,11.169513797634691
A-781cc0,Company_499,EdTech,US,2024-09-04,organic,Pro,12,False,False,2024-12-09,budget,0.0,True,False,2.0,False,1,228,2736,annual,True,16,2024-09-04,2,0,4.0,3.7453191489361704,57.5,106.0,0.0,864,270008,42,31,81,7,2024-09,96.0,3.1537450722733245
